TransectID,EPR_m_yr,NSM_m,LRR_m_yr,R2,SCE_m,p_value
0,20.4846,358.0812,20.4846,0.195,447.6015,0.1507
1,1.0086,188.9872,1.0086,0.0008,417.7613,0.9285
2,18.9953,510.5497,18.9953,0.0763,624.0054,0.5078
3,10.8477,245.837,10.8477,0.0916,340.3897,0.3656
4,15.4618,149.2036,15.4618,0.1644,437.6636,0.279
5,20.5814,529.4939,20.5814,0.1138,538.9491,0.3103
6,11.9824,238.7255,11.9824,0.0517,586.8669,0.5564
7,34.9565,529.4938,34.9565,0.3714,548.4043,0.0465
8,0.8091,278.5129,0.8091,0.0003,447.6099,0.9609
9,38.4762,746.0172,38.4762,0.3167,746.0172,0.0715
10,21.1354,278.5128,21.1354,0.4297,427.716,0.0286
11,1.4648,159.1501,1.4648,0.0017,417.769,0.9032
12,17.9619,47.2753,17.9619,0.2055,501.1172,0.1614
13,19.3961,642.9391,19.3961,0.056,642.9391,0.5398
14,25.5647,547.078,25.5647,0.1641,586.8655,0.2164
15,10.0947,122.9146,10.0947,0.0955,397.1085,0.4184
16,21.3699,66.1852,21.3699,0.2816,538.9357,0.0931
17,15.862,298.4058,15.862,0.1839,298.4058,0.1881
18,8.5657,149.2028,8.5657,0.0558,507.2893,0.4842
19,27.2387,467.5016,27.2387,0.3325,467.5016,0.0633
20,18.6764,348.1389,18.6764,0.169,467.5008,0.1843
21,7.9644,49.7342,7.9644,0.0271,596.8098,0.6088
22,17.3477,278.5116,17.3477,0.3669,278.5116,0.0483
23,3.39,119.3623,3.39,0.0094,417.7673,0.7767
24,25.3624,149.203,25.3624,0.4322,427.7153,0.0279
25,32.7145,865.3785,32.7145,0.1669,865.3785,0.2123
26,4.0008,19.8938,4.0008,0.0018,935.0076,0.9133
27,12.3588,378.1904,12.3588,0.0555,652.379,0.4855
28,-1.3323,39.7875,-1.3323,0.001,397.8748,0.9279
29,-4.5749,132.3657,-4.5749,0.0104,491.6444,0.7655
30,9.8562,119.3622,9.8562,0.105,407.8211,0.331
31,18.6591,457.5553,18.6591,0.2787,457.5553,0.0951
32,22.543,0.0,22.543,0.1215,775.2937,0.2934
33,16.1381,37.8191,16.1381,0.1928,453.83,0.1766
34,4.9926,75.6385,4.9926,0.1557,113.4578,0.2298
35,-1.8989,29.8404,-1.8989,0.001,457.5534,0.9257
36,-1.0851,0.0,-1.0851,0.0003,487.3939,0.9579
37,11.8944,208.8832,11.8944,0.0834,537.1285,0.3627
38,-10.4909,358.0857,-10.4909,0.0389,477.4477,0.5608
39,33.9821,642.9198,33.9821,0.1974,907.6522,0.1983
40,12.277,49.734,12.277,0.0643,437.6601,0.4265
41,23.7969,208.0023,23.7969,0.2231,482.1881,0.2845
42,2.2954,29.8404,2.2954,0.004,477.4464,0.8461
43,6.626,66.1829,6.626,0.0186,482.1888,0.7707
44,0.3604,19.8936,0.3604,0.0242,29.8403,0.6681
45,6.3032,151.2761,6.3032,0.1881,170.1856,0.2105
46,54.04,491.6527,54.04,0.6769,491.6527,0.0035
47,13.7581,472.7472,13.7581,0.0911,472.7472,0.3671
48,7.4592,18.91,7.4592,0.0331,520.0246,0.5924
49,11.5145,477.4457,11.5145,0.0348,477.4457,0.6057
50,7.7557,119.3614,7.7557,0.044,437.6588,0.5128
51,18.7223,19.8936,18.7223,0.1451,407.8182,0.2775
52,3.0994,59.6807,3.0994,0.2755,69.6274,0.1192
53,38.4897,437.6585,38.4897,0.6499,437.6585,0.0049
54,6.6781,170.1923,6.6781,0.2175,170.1923,0.1265
55,14.4142,226.9244,14.4142,0.3377,245.8348,0.0475
56,7.8683,226.9243,7.8683,0.2025,226.9243,0.1421
57,28.002,359.299,28.002,0.3187,359.299,0.0558
58,3.6697,28.3659,3.6697,0.0253,255.2938,0.6218
59,-1.2894,28.3661,-1.2894,0.0082,170.1967,0.7791
60,-4.1387,29.8404,-4.1387,0.0079,417.7657,0.7832
61,1.9836,264.7532,1.9836,0.0035,397.1305,0.8556
62,-0.2087,29.8404,-0.2087,0.0001,238.7235,0.9785
63,11.4063,0.0,11.4063,0.1674,359.3147,0.1866
64,5.0254,0.0,5.0254,0.0137,434.9644,0.7168
65,28.829,467.5,28.829,0.6068,467.5,0.0047
66,13.0769,9.9468,13.0769,0.0694,427.7126,0.4079
67,-7.2408,160.7521,-7.2408,0.0668,312.0478,0.4172
68,5.8429,19.8936,5.8429,0.0257,318.2972,0.6189
69,3.0418,0.0,3.0418,0.0027,482.2546,0.8731
70,2.6432,0.0,2.6432,0.0036,338.1902,0.8536
71,2.991,9.9468,2.991,0.0061,328.2432,0.8096
72,-3.304,9.9468,-3.304,0.0101,387.9236,0.756
73,0.0,0.0,0.0,,0.0,
74,0.0,0.0,0.0,,0.0,
75,5.356,0.0,5.356,0.1545,170.2005,0.2063
76,5.0914,0.0,5.0914,0.0935,208.0207,0.3339
77,19.9283,417.7635,19.9283,0.2081,417.7635,0.1361
78,0.0,0.0,0.0,,0.0,
79,5.8186,0.0,5.8186,0.0671,208.0148,0.4161
80,5.1125,0.0006,5.1125,0.0148,407.8172,0.7062
81,0.8926,0.0,0.8926,0.1545,28.3651,0.2063
82,-5.6689,9.9469,-5.6689,0.0136,358.0825,0.718
83,20.4499,358.082,20.4499,0.1943,358.082,0.1515
84,25.3537,0.0001,25.3537,0.2363,387.9226,0.1091
85,-8.0687,9.9469,-8.0687,0.0873,268.5617,0.3511
86,-3.6365,18.9098,-3.6365,0.035,255.2817,0.5605
87,13.471,117.1208,13.471,0.6746,117.1208,0.0011
88,22.6062,248.6677,22.6062,0.3579,308.348,0.0399
89,0.0,0.0,0.0,,0.0,
90,21.1454,328.2409,21.1454,0.3351,348.1343,0.0486
91,6.4133,56.7282,6.4133,0.0511,340.3691,0.4797
92,48.7282,520.0093,48.7282,0.5076,538.9187,0.0093
93,13.8766,208.8799,13.8766,0.2805,208.8799,0.0766
94,7.8252,268.5594,7.8252,0.036,358.0793,0.5546
95,-3.1301,0.0,-3.1301,0.0135,298.3997,0.7193
96,14.9756,189.096,14.9756,0.428,189.096,0.021
97,4.3307,0.0,4.3307,0.1303,151.2761,0.249
98,13.668,318.2939,13.668,0.2941,318.2939,0.0685
99,31.4718,302.5523,31.4718,0.5337,397.0991,0.007
100,2.8519,0.0,2.8519,0.0434,179.0407,0.5157
101,6.0167,47.2745,6.0167,0.041,312.0113,0.528
102,19.8239,238.7212,19.8239,0.362,238.7212,0.0385
103,8.1382,0.0,8.1382,0.0695,358.0819,0.4076
104,9.9179,312.0182,9.9179,0.0487,340.3834,0.4906
105,0.1391,0.0002,0.1391,0.0001,119.3605,0.9707
106,0.4628,0.0,0.4628,0.0001,302.5654,0.9723
107,34.0832,397.8694,34.0832,0.4874,397.8694,0.0116
108,-3.8952,29.8402,-3.8952,0.0081,417.763,0.781
109,11.8028,255.2968,11.8028,0.2013,255.2968,0.1435
110,-3.6698,28.3667,-3.6698,0.0595,198.5665,0.445
111,0.0,0.0,0.0,,0.0,
112,1.9837,0.0,1.9837,0.0018,368.7738,0.8957
113,0.0,0.0,0.0,,0.0,
114,-3.0748,0.0,-3.0748,0.0074,368.7744,0.7906
115,17.4899,28.3674,17.4899,0.2097,293.1302,0.1344
116,47.7424,453.8834,47.7424,0.6855,453.8834,0.0009
117,8.8686,0.0,8.8686,0.0481,467.4968,0.4936
118,-9.3237,0.0,-9.3237,0.101,255.31,0.3142
119,2.3805,0.0,2.3805,0.0042,340.41,0.8415
120,0.0,0.0,0.0,,0.0,
121,0.0,0.0,0.0,,0.0,
122,0.0,0.0,0.0,,0.0,
123,14.0854,0.0,14.0854,0.1545,447.6012,0.2063
124,0.0,0.0,0.0,,0.0,
125,3.3387,0.0,3.3387,0.0042,477.4403,0.8415
126,-12.9376,0.0,-12.9376,0.0395,477.4399,0.5356
127,0.0,0.0,0.0,,0.0,
128,0.0,0.0,0.0,,0.0,
129,0.0,0.0,0.0,,0.0,
130,0.0,0.0,0.0,,0.0,
131,0.0,0.0,0.0,,0.0,
132,4.1989,321.4947,4.1989,0.0127,340.4061,0.7277
133,4.6951,0.0,4.6951,0.1545,149.1994,0.2063
134,4.7608,0.0,4.7608,0.1545,151.2892,0.2063
135,12.4744,427.7043,12.4744,0.096,507.2772,0.3538
136,19.6382,0.0,19.6382,0.1545,624.0591,0.2063
137,-19.3398,0.0,-19.3398,0.109,447.597,0.3215
138,27.9038,0.0,27.9038,0.2052,434.9439,0.1618
139,-0.2204,0.0,-0.2204,0.0001,293.1116,0.9798
140,-5.8579,0.0,-5.8579,0.0058,661.8591,0.8243
141,15.1891,298.3971,15.1891,0.0429,666.4203,0.5413
142,-5.5117,0.0,-5.5117,0.0468,228.7708,0.5231
143,20.1025,477.4344,20.1025,0.2358,477.4344,0.13
144,9.6698,218.8239,9.6698,0.1372,238.7169,0.2621
145,11.3525,149.1982,11.3525,0.3228,149.1982,0.0682
146,4.203,29.8396,4.203,0.6985,39.7861,0.0014
147,5.4598,94.5519,5.4598,0.0776,226.9242,0.4069
148,-0.6282,0.0,-0.6282,0.0108,69.6264,0.7608
149,-0.4038,0.0,-0.4038,0.0041,69.6265,0.8521
150,26.4593,228.7703,26.4593,0.412,298.3961,0.0332
151,-6.7396,9.4553,-6.7396,0.0181,368.7574,0.6934
152,23.1613,368.0224,23.1613,0.1256,537.1135,0.285
153,11.3975,298.3986,11.3975,0.0664,348.1317,0.4443
154,36.6452,348.1295,36.6452,0.614,348.1295,0.0043
155,16.1688,149.1985,16.1688,0.0799,447.5954,0.3997
156,5.8168,0.0,5.8168,0.2677,123.8375,0.1031
157,51.6474,427.7029,51.6474,0.7197,427.703,0.001
158,20.2148,368.0242,20.2148,0.1472,368.0242,0.2441
159,24.2342,312.0358,24.2342,0.4189,425.5035,0.0229
160,0.1984,0.0,0.1984,0.0019,56.7345,0.8928
161,2.4466,0.0,2.4466,0.1604,75.6465,0.1969
162,0.6613,0.0,0.6613,0.2622,9.4559,0.0887
163,-0.0,0.0,-0.0,0.0776,0.0001,0.3806
164,6.282,0.0,6.282,0.0477,359.3324,0.4954
165,-0.6282,0.0,-0.6282,0.002,179.668,0.8905
166,0.529,18.9127,0.529,0.042,37.8253,0.5231
167,2.6779,39.7864,2.6779,0.4523,39.7864,0.0166
168,-0.2782,0.0,-0.2782,0.008,29.8399,0.7823
169,14.9452,198.5863,14.9452,0.3099,302.6077,0.0601
170,13.5636,89.5197,13.5636,0.2104,427.7051,0.1337
171,-0.4629,9.4567,-0.4629,0.0005,198.59,0.9468
172,4.53,94.5678,4.53,0.3864,94.5678,0.0309
173,9.5989,338.1856,9.5989,0.047,338.1856,0.4985
174,-6.2949,69.6264,-6.2949,0.0339,387.9188,0.5669
175,6.2601,497.3319,6.2601,0.0123,576.905,0.7318
176,12.4855,278.5059,12.4855,0.2029,278.5059,0.1416
177,-7.5718,0.0,-7.5718,0.05,416.0879,0.4849
178,9.9814,228.7727,9.9814,0.0231,686.318,0.6372
179,20.1715,0.0,20.1715,0.1482,517.2248,0.2165
180,8.1382,208.8794,8.1382,0.0768,298.3991,0.383
181,-8.1668,18.9126,-8.1668,0.0768,312.0577,0.3832
182,36.1719,595.7458,36.1719,0.369,605.2021,0.0362
183,14.4819,9.4562,14.4819,0.1109,453.8993,0.2901
184,40.5865,845.4659,40.5865,0.2157,845.4659,0.1282
185,38.952,507.2801,38.952,0.3215,507.2801,0.0546
186,-32.634,66.194,-32.634,0.2074,652.482,0.1368
187,17.4556,179.6711,17.4556,0.6035,236.4091,0.0233
188,4.556,169.0935,4.556,0.073,238.7203,0.3957
189,3.9346,236.4065,3.9346,0.008,482.2703,0.782
190,26.2196,539.0063,26.2196,0.3578,539.0063,0.0399
191,23.5085,330.9701,23.5085,0.5285,330.9701,0.0074
192,-6.2932,66.1948,-6.2932,0.0291,397.1685,0.6865
193,54.8992,737.6004,54.8992,0.4936,737.6004,0.1196
194,2.1822,397.1661,2.1822,0.0017,699.7682,0.8984
195,11.4401,18.9127,11.4401,0.0285,671.4007,0.6199
196,2.0974,199.616,2.0974,0.0025,389.2515,0.8913
197,-2.0867,109.4137,-2.0867,0.002,656.4826,0.8914
198,17.249,368.7982,17.249,0.2237,368.7982,0.1418
199,21.5907,208.0375,21.5907,0.5232,283.6871,0.0078
200,7.6165,397.8684,7.6165,0.0356,407.8151,0.5569
201,10.6597,340.4224,10.6597,0.0619,340.4224,0.4608
202,24.2026,406.6171,24.2026,0.2247,539.0039,0.1195
203,-11.5061,208.0366,-11.5061,0.0415,539.0035,0.5255
204,-4.2778,9.9468,-4.2778,0.0678,139.2544,0.4138
205,8.2426,149.2011,8.2426,0.118,238.7219,0.2743
206,28.6432,453.9061,28.6432,0.5696,453.9061,0.0116
207,20.7802,482.2793,20.7802,0.2811,482.2793,0.1149
208,7.5378,226.9553,7.5378,0.0829,226.9553,0.4199
209,12.0775,340.4318,12.0775,0.1169,340.4318,0.3336
210,24.686,416.0814,24.686,0.4406,416.0814,0.0364
211,1.9128,59.6805,1.9128,0.0022,417.764,0.8846
212,-12.8905,28.3689,-12.8905,0.0344,822.7001,0.5853
213,6.1211,109.4145,6.1211,0.2496,149.2015,0.0982
214,14.6419,407.818,14.6419,0.08,407.818,0.3731
215,7.6048,18.9128,7.6048,0.0184,614.6634,0.6739
216,14.7151,491.7327,14.7151,0.0999,491.7327,0.3437
217,-9.9468,9.9468,-9.9468,0.0701,477.447,0.4056
218,2.6285,37.8257,2.6285,0.6181,37.8257,0.036
219,-1.6346,59.6809,-1.6346,0.0052,298.4046,0.8244
220,11.3884,9.9468,11.3884,0.1917,248.6707,0.2057
221,-3.5709,9.4563,-3.5709,0.0077,482.2688,0.7867
222,8.8279,28.3685,8.8279,0.0237,463.3514,0.6331
223,7.5053,94.5604,7.5053,0.4354,141.8406,0.0196
224,-7.4722,66.1919,-7.4722,0.0332,491.7104,0.5709
225,61.8614,636.5981,61.8614,0.8461,636.5981,0.0002
226,17.8207,368.7805,17.8207,0.3201,368.7805,0.0552
227,18.0521,198.5727,18.0521,0.1869,397.1461,0.1842
228,18.1845,377.9801,18.1845,0.161,417.7673,0.2505
229,32.0982,368.0334,32.0982,0.424,387.927,0.1132
230,34.748,605.1641,34.748,0.4255,605.1641,0.0215
231,35.9525,453.8694,35.9525,0.5841,453.8694,0.0062
232,14.843,463.3223,14.843,0.0477,709.1663,0.5723
233,10.279,152.6551,10.279,0.0292,515.2117,0.637
234,-9.724,9.4554,-9.724,0.058,453.8588,0.5027
235,34.8843,538.9598,34.8843,0.2567,548.4152,0.1118
236,12.7986,397.8745,12.7986,0.1228,397.8745,0.3551
237,15.137,39.7875,15.137,0.1393,437.6623,0.3224
238,23.692,236.3893,23.692,0.4341,416.0444,0.0275
239,62.1288,624.0626,62.1288,0.5875,624.0626,0.0097
240,-3.104,19.8938,-3.104,0.0014,736.0691,0.9124
241,-42.5085,9.9469,-42.5085,0.224,825.5917,0.167
242,15.5193,274.2084,15.5193,0.2595,274.2084,0.1326
243,10.2377,188.991,10.2377,0.0527,477.4511,0.5525
244,39.2602,869.8332,39.2602,0.2615,869.8332,0.1952
245,11.4984,245.8239,11.4984,0.0963,491.6481,0.4543
246,13.2467,544.4646,13.2467,0.035,792.8189,0.6572
247,4.6176,109.4161,4.6176,0.0325,308.3549,0.7326
248,13.851,258.6199,13.851,0.3804,258.6199,0.1033
249,9.8525,217.4547,9.8525,0.1617,217.4547,0.3234
250,-1.8332,139.2567,-1.8332,0.0069,268.5664,0.8451
251,0.3621,149.2035,0.3621,0.0002,268.5661,0.9738
252,-4.9112,89.5222,-4.9112,0.0528,298.4071,0.5842
253,23.9903,417.77,23.9903,0.3555,417.77,0.1188
254,-1.3127,9.9469,-1.3127,0.0004,726.1243,0.9619
255,14.3488,487.3978,14.3488,0.0763,596.8137,0.472
256,17.5513,293.1144,17.5513,0.1749,482.2207,0.2005
257,0.9827,19.8938,0.9827,0.0003,636.6011,0.9626
258,-5.0781,29.8407,-5.0781,0.0093,447.6102,0.7783
259,12.7092,339.9996,12.7092,0.0967,365.7713,0.4533
260,32.1266,338.1947,32.1266,0.7642,338.1947,0.0045
261,24.9866,491.6428,24.9866,0.2924,491.6428,0.1665
262,10.2678,139.2565,10.2678,0.2949,218.8316,0.1308
263,8.9171,188.991,8.9171,0.0323,487.3978,0.6701
264,23.7241,547.0782,23.7241,0.1838,547.0782,0.2496
265,26.1374,274.1846,26.1374,0.3488,538.9141,0.1232
266,21.4772,368.0345,21.4772,0.2622,417.7687,0.1073
267,8.8382,245.8243,8.8382,0.0718,397.1006,0.4255
268,18.7306,427.7163,18.7306,0.1859,477.4507,0.2466
269,28.1317,477.4505,28.1317,0.3691,487.3974,0.0474
270,12.0874,141.8269,12.0874,0.1546,387.6604,0.2316
271,13.5113,139.2564,13.5113,0.092,626.6538,0.3646
272,49.295,746.0161,49.295,0.32,746.0161,0.0697
273,20.9667,547.0788,20.9667,0.1229,547.0788,0.3549
274,33.9492,318.3004,33.9492,0.1927,805.6976,0.1768
275,23.1675,397.875,23.1675,0.1372,636.6,0.3264
276,23.7642,104.0084,23.7642,0.1515,709.147,0.2367
277,30.1289,321.4724,30.1289,0.3429,529.4843,0.0584
278,8.3147,226.9228,8.3147,0.0462,453.8447,0.5254
279,16.5061,99.4688,16.5061,0.1095,487.3972,0.3503
280,23.0877,278.5125,23.0877,0.1725,467.503,0.2664
281,21.6923,487.3965,21.6923,0.1374,487.3965,0.2917
282,19.004,457.5552,19.004,0.274,457.5552,0.1481
283,15.2501,170.1914,15.2501,0.7572,170.1914,0.1298
284,12.0339,37.8191,12.0339,0.0175,841.4738,0.6984
285,20.5448,217.4825,20.5448,0.1492,482.2448,0.2406
286,8.2601,139.2559,8.2601,0.3922,139.2559,0.1834
287,0.3697,89.5219,0.3697,0.0001,387.9275,0.9751
288,6.5136,56.7375,6.5136,0.0842,264.7748,0.3604
289,32.8138,888.77,32.8138,0.1555,888.77,0.2595
290,-5.8105,149.2028,-5.8105,0.0163,477.4488,0.7081
291,9.4263,189.1059,9.4263,0.0488,397.1218,0.721
292,3.6368,255.3051,3.6368,0.0102,510.6098,0.7547
293,34.6451,397.1196,34.6451,0.6222,397.1196,0.0622
294,15.4073,226.9445,15.4073,0.1333,472.8007,0.2433
295,12.8335,129.3086,12.8335,0.1034,447.6064,0.3082
296,-18.4677,19.8936,-18.4677,0.1353,497.3401,0.2394
297,22.7806,529.5417,22.7806,0.1379,538.9978,0.2347
298,5.3441,28.3648,5.3441,0.014,397.1083,0.7798
299,7.4392,56.7365,7.4392,0.0774,264.7704,0.3811
300,-3.6866,79.5744,-3.6866,0.0064,477.4463,0.8048
301,24.9018,576.9141,24.9018,0.1517,576.9141,0.2107
302,-6.295,9.9468,-6.295,0.0267,348.1386,0.612
303,-3.6697,18.9104,-3.6697,0.0044,652.4119,0.8384
304,23.7888,407.8187,23.7888,0.2952,407.8187,0.0679
305,7.5305,139.2552,7.5305,0.0306,467.4999,0.6527
306,9.8519,18.9104,9.8519,0.0631,340.3868,0.4311
307,13.2568,434.9277,13.2568,0.046,680.7558,0.5031
308,-5.6342,0.0,-5.6342,0.0065,775.8497,0.8033
309,49.4905,875.3176,49.4905,0.2631,915.1047,0.0882
310,-1.389,189.1691,-1.389,0.0021,302.671,0.887
311,25.8948,416.1684,25.8948,0.2338,416.1684,0.1113
312,19.8239,179.0411,19.8239,0.1686,507.2805,0.1849
313,3.1301,149.1983,3.1301,0.0236,149.1983,0.6336
314,16.4366,368.8817,16.4366,0.3212,368.8817,0.0547
315,32.0661,417.7636,32.0661,0.2919,507.2846,0.0697
316,3.2729,141.827,3.2729,0.0204,226.9233,0.6577
317,8.8601,245.8341,8.8601,0.2234,245.8341,0.1207
318,-8.795,47.2812,-8.795,0.0377,624.1126,0.5454
319,17.1638,274.2893,17.1638,0.1078,652.6212,0.2975
320,22.2568,85.1246,22.2568,0.1133,662.0811,0.2847
321,-3.3732,94.5827,-3.3732,0.0077,359.4146,0.7857
322,-4.3323,0.0,-4.3323,0.0056,482.3751,0.8171
323,32.7402,226.9986,32.7402,0.2292,822.8715,0.1154
324,10.3511,198.6232,10.3511,0.0695,312.1216,0.4076
325,9.4598,377.9763,9.4598,0.0326,507.2842,0.5742
326,15.4855,520.094,15.4855,0.0943,520.094,0.3584
327,2.3481,18.917,2.3481,0.2733,56.7511,0.0812
328,4.3821,0.0,4.3821,0.1545,139.2535,0.2063
329,10.4684,0.0,10.4684,0.0924,348.1354,0.3369
330,0.5217,169.0928,0.5217,0.0008,179.0396,0.9306
331,0.6608,89.5201,0.6608,0.0028,119.3604,0.8713
332,-4.069,0.0004,-4.069,0.0285,179.0389,0.6002
333,2.2606,0.0003,2.2606,0.0018,497.3338,0.8961
334,2.0868,149.1981,2.0868,0.002,477.4402,0.8915
335,3.5055,236.4578,3.5055,0.0161,387.791,0.6942
336,20.438,368.8757,20.438,0.135,567.5007,0.24
337,6.4158,198.6263,6.4158,0.0324,491.8362,0.5754
338,24.1018,437.6573,24.1018,0.1675,497.3376,0.1865
339,9.1468,268.561,9.1468,0.1077,328.2413,0.2977
340,37.3042,652.6248,37.3042,0.2845,652.6248,0.0741
341,44.1478,815.6347,44.1478,0.2265,815.6347,0.1644
342,33.7608,656.7474,33.7608,0.2961,656.7474,0.1039
343,22.7354,268.5624,22.7354,0.191,527.1782,0.4618
344,39.787,457.5506,39.787,0.5795,497.3376,0.1349
345,10.8297,248.6688,10.8297,0.0293,656.4855,0.6361
346,8.3243,160.7318,8.3243,0.2707,189.0962,0.1231
347,12.1783,9.4549,12.1783,0.0683,349.8315,0.4656
348,4.7211,159.1483,4.7211,0.024,328.2433,0.6692
349,-10.8449,217.4934,-10.8449,0.0182,709.2166,0.6757
350,10.1573,0.0,10.1573,0.1408,293.1046,0.2853
351,-1.0782,29.8399,-1.0782,0.0011,268.5625,0.9201
352,12.6497,298.4027,12.6497,0.1322,417.763,0.3017
353,8.1989,387.9239,8.1989,0.0367,387.9239,0.596
354,13.2507,328.2411,13.2507,0.1091,328.2411,0.2945
355,15.4154,321.462,15.4154,0.2565,340.3716,0.1352
356,7.4165,141.8218,7.4165,0.2968,160.7314,0.1035
357,26.7213,387.7893,26.7213,0.3076,425.6214,0.0613
358,2.3997,179.0405,2.3997,0.0041,477.4414,0.8435
359,40.2362,497.3377,40.2362,0.5145,517.2312,0.1086
360,4.1274,59.6801,4.1274,0.0867,179.0404,0.4417
361,6.2602,59.6803,6.2602,0.5245,59.6803,0.0077
362,0.7999,9.9471,0.7999,0.0649,29.8406,0.4242
363,3.7214,9.9474,3.7214,0.2904,59.6807,0.0706
364,3.3388,29.8409,3.3388,0.6713,29.8409,0.0011
365,1.0782,49.7342,1.0782,0.0254,59.6802,0.621
366,0.0,0.0004,0.0,0.6169,0.0007,0.0025
367,2.991,59.681,2.991,0.2409,59.681,0.1051
368,0.0,79.5747,0.0,0.0,89.5202,1.0
369,0.661,9.9497,0.661,0.2806,9.9498,0.0765
370,4.7992,59.6768,4.7992,0.411,59.6801,0.0247
371,0.9738,9.9461,0.9738,0.0158,59.681,0.697
372,-1.1904,0.0,-1.1904,0.151,28.3718,0.2118
373,-0.8347,0.0002,-0.8347,0.0671,29.8407,0.4161
374,2.2259,19.8937,2.2259,0.6713,19.8938,0.0011
375,44.2441,406.6621,44.2441,0.4921,472.8628,0.011
376,1.1129,9.9468,1.1129,0.6713,9.9469,0.0011
377,3.0258,19.8937,3.0258,0.428,59.6812,0.021
378,2.2259,19.8937,2.2259,0.3641,29.8406,0.0378
379,-1.4607,0.0,-1.4607,0.0935,59.6811,0.3339
380,1.1476,59.6796,1.1476,0.0323,59.6808,0.5761
381,0.2439,9.9505,0.2439,0.0009,59.6846,0.9252
382,0.0004,0.0041,0.0004,0.7838,0.0041,0.0001
383,3.6865,89.5199,3.6865,0.2728,89.5199,0.0815
384,-10.3169,9.4572,-10.3169,0.0617,331.0018,0.4364
385,-3.9647,0.0008,-3.9647,0.2479,59.6806,0.0995
386,1.5997,49.7327,1.5997,0.0902,59.6795,0.3428
387,3.3735,59.6802,3.3735,0.3273,59.6802,0.0519
388,-0.1391,59.6807,-0.1391,0.0004,59.6808,0.9539
389,0.0,0.0001,0.0,0.2308,0.0001,0.1139
390,0.0,0.0,0.0,,0.0,
391,5.7732,59.6801,5.7732,0.5373,59.6801,0.0067
392,0.7651,0.0,0.7651,0.0042,109.4135,0.8415
393,1.1477,0.0002,1.1477,0.0241,59.6802,0.6298
394,0.9043,9.9468,0.9043,0.3939,9.9468,0.0289
395,-0.0837,39.7868,-0.0837,0.0,179.0408,0.9863
396,16.1739,434.996,16.1739,0.0921,434.996,0.5587
397,9.2511,69.6269,9.2511,0.1013,338.1879,0.3135
398,7.8948,278.5078,7.8948,0.032,537.1222,0.578
399,29.0765,427.7087,29.0765,0.7184,427.7087,0.0331
400,-4.2316,9.455,-4.2316,0.0035,690.2125,0.8557
401,5.1601,537.1226,5.1601,0.0053,566.9628,0.864
402,8.0494,79.5734,8.0494,0.0117,626.6429,0.7515
403,-0.9919,75.6495,-0.9919,0.0017,255.3174,0.9002
404,14.7134,18.9126,14.7134,0.043,661.9387,0.5177
405,-12.1117,9.4564,-12.1117,0.0322,624.1206,0.62
406,0.0,0.0,0.0,,0.0,
407,28.6003,690.3082,28.6003,0.2047,690.3082,0.1397
408,0.939,59.6801,0.939,0.0185,59.6801,0.6735
409,27.7197,387.9228,27.7197,0.3787,407.8162,0.0439
410,15.3037,258.615,15.3037,0.1554,417.7626,0.2302
411,40.9181,538.8704,40.9181,0.4266,538.8704,0.0293
412,28.2092,472.6954,28.2092,0.2111,472.6954,0.1551
413,32.963,425.4298,32.963,0.3779,425.4298,0.0441
414,12.9252,238.7214,12.9252,0.2624,268.5616,0.1072
415,24.8668,179.0412,24.8668,0.1582,895.2054,0.2258
416,2.1238,18.9083,2.1238,0.0011,482.1631,0.9271
417,10.2816,151.2688,10.2816,0.1831,255.2657,0.2505
418,13.1072,103.998,13.1072,0.0649,444.3556,0.5425
419,31.6422,338.1893,31.6422,0.7644,338.1893,0.0009
420,25.7498,248.6687,25.7498,0.5456,288.4557,0.0147
421,27.6091,491.6202,27.6091,0.2244,501.0745,0.1667
422,23.9267,274.1716,23.9267,0.4299,434.8938,0.0396
423,-18.5144,28.3624,-18.5144,0.1072,482.1626,0.3557
424,32.2329,311.9845,32.2329,0.5203,444.3426,0.0185
425,1.0475,9.454,1.0475,0.0001,822.5002,0.9764
426,43.6862,805.6865,43.6862,0.2628,805.6865,0.1069
427,1.9601,447.604,1.9601,0.0014,447.604,0.9123
428,23.4427,425.4301,23.4427,0.377,425.4301,0.0445
429,-1.2207,29.8403,-1.2207,0.0013,328.2429,0.9148
430,-7.1683,47.2697,-7.1683,0.0125,482.1507,0.7588
431,13.0368,248.6685,13.0368,0.2005,278.5087,0.1673
432,5.7755,89.5207,5.7755,0.0274,407.8166,0.6264
433,-0.551,188.988,-0.551,0.0003,447.6032,0.9599
434,2.7402,179.3993,2.7402,0.0135,179.3993,0.7187
435,51.1725,443.7813,51.1725,0.6574,443.7813,0.0014
436,6.2398,254.9409,6.2398,0.0294,254.9409,0.5943
437,19.4766,9.947,19.4766,0.1667,447.6132,0.1876
438,3.6171,0.0,3.6171,0.0168,258.6213,0.6882
439,0.0,0.0,0.0,0.1002,0.0,0.3162
440,-29.1188,0.0,-29.1188,0.3427,396.5697,0.0455
441,-2.9215,0.0,-2.9215,0.0037,358.0907,0.8517
442,3.7043,12.6576,3.7043,0.1074,150.9866,0.2984
443,-13.9648,0.0,-13.9648,0.2592,254.9315,0.0909
444,10.6078,129.3103,10.6078,0.5132,129.3103,0.0088
445,1.7828,18.884,1.7828,0.437,18.884,0.0193
446,13.1595,170.2135,13.1595,0.0975,482.2725,0.323
447,30.5237,437.6556,30.5237,0.3313,437.6556,0.0639
448,9.9039,103.8586,9.9039,0.1898,188.8337,0.1569
449,19.0816,254.9273,19.0816,0.2676,283.2526,0.085
450,12.0829,0.0,12.0829,0.0728,321.0227,0.3963
451,0.3826,149.2036,0.3826,0.0001,358.0897,0.979
452,-4.9232,0.0,-4.9232,0.0223,346.4654,0.6434
453,20.6002,245.4857,20.6002,0.4079,273.8109,0.0254
454,28.867,397.8783,28.867,0.4374,397.8784,0.0192
455,10.2339,37.7663,10.2339,0.0976,311.5725,0.3229
456,13.4249,19.8939,13.4249,0.1883,387.9313,0.1587
457,1.0781,29.8399,1.0781,0.0032,179.0396,0.861
458,22.6763,59.6799,22.6763,0.2826,377.9728,0.3566
459,-2.2425,0.0,-2.2425,0.0048,318.2929,0.9305
460,8.4314,37.8258,8.4314,0.0443,434.9968,0.5113
461,-2.6779,99.4665,-2.6779,0.0025,507.2794,0.8771
462,-6.121,69.6266,-6.121,0.0147,477.4392,0.7075
463,16.1024,537.1189,16.1024,0.0954,537.1189,0.3286
464,9.0523,0.0,9.0523,0.1097,342.6572,0.2929
465,0.0,0.0,0.0,,0.0,
466,0.0,0.0,0.0,,0.0,
467,0.0,0.0,0.0,,0.0,
468,-4.8412,0.0,-4.8412,0.1082,170.1872,0.3232
469,-0.5619,255.2545,-0.5619,0.0003,283.6161,0.9583
470,6.9747,85.0843,6.9747,0.1282,236.3455,0.253
471,0.0,0.0,0.0,0.7343,0.0,0.0004
472,4.4293,66.1755,4.4293,0.1777,85.0828,0.1723
473,2.991,159.1464,2.991,0.004,417.7591,0.8449
474,7.255,56.7212,7.255,0.2345,56.7212,0.4085
475,-0.1043,9.9466,-0.1043,0.0001,149.1997,0.9773
476,8.0338,179.0395,8.0338,0.1124,208.8794,0.2868
477,4.3821,19.8933,4.3821,0.0852,129.3063,0.3572
478,25.1101,427.7056,25.1101,0.2886,447.5988,0.0717
479,47.6314,0.0,47.6314,0.2067,831.9127,0.1376
480,-8.0338,328.2378,-8.0338,0.0294,328.2378,0.5943
481,1.6196,0.0,1.6196,0.0027,302.5089,0.8726
482,17.4935,109.4124,17.4935,0.2991,268.558,0.0658
483,3.13,179.0385,3.13,0.015,179.0385,0.7047
484,8.7924,0.0,8.7924,0.1173,283.6039,0.2758
485,0.0,0.0,0.0,0.1313,0.0,0.247
486,6.644,28.3608,6.644,0.0946,283.6077,0.3307
487,-0.595,0.0,-0.595,0.0019,170.1667,0.8928
488,-3.7561,0.0,-3.7561,0.0111,447.5964,0.7449
489,16.311,288.4513,16.311,0.265,298.3978,0.0868
490,16.9244,18.9078,16.9244,0.1685,311.9782,0.185
491,2.0825,0.0,2.0825,0.0087,170.1714,0.7726
492,0.5912,9.9466,0.5912,0.0391,29.8399,0.5378
493,0.3478,119.3595,0.3478,0.0002,368.0251,0.9684
494,1.0247,28.3622,1.0247,0.0007,368.708,0.9339
495,1.7389,19.8933,1.7389,0.0016,328.2389,0.9004
496,27.8575,417.7589,27.8575,0.2375,417.7589,0.1081
497,15.0939,49.7332,15.0939,0.1332,507.2787,0.2435
498,-0.4297,0.0,-0.4297,0.0019,122.904,0.8928
499,10.4457,56.7243,10.4457,0.129,321.438,0.2515
500,32.2396,169.0929,32.2396,0.2201,775.8382,0.1239
501,34.3448,529.4185,34.3448,0.2772,529.4185,0.0787
502,24.7274,596.7975,24.7274,0.1836,596.7975,0.1646
503,1.0578,9.4538,1.0578,0.6713,9.4538,0.0011
504,60.5492,805.6771,60.5492,0.3807,805.6771,0.0326
505,18.4445,794.1076,18.4445,0.0331,822.4687,0.5715
506,10.7465,198.9328,10.7465,0.0571,437.652,0.4544
507,17.6327,19.8933,17.6327,0.1182,596.7986,0.2738
508,3.3055,56.7228,3.3055,0.0039,425.4206,0.8466
509,-1.6694,29.84,-1.6694,0.0005,954.8784,0.9466
510,41.8038,447.5996,41.8038,0.772,447.5996,0.0002
511,16.3438,179.04,16.3438,0.3368,318.2933,0.1013
512,-7.7037,28.3618,-7.7037,0.0463,311.9799,0.5252
513,5.4255,0.0,5.4255,0.0936,218.8266,0.3336
514,21.1453,576.9052,21.1453,0.211,576.9052,0.133
515,-9.4904,0.0,-9.4904,0.1268,255.281,0.2824
516,5.808,9.9467,5.808,0.0108,387.9176,0.7482
517,-11.1291,447.5971,-11.1291,0.0273,596.7962,0.6078
518,2.2152,141.8416,2.2152,0.0132,226.9468,0.7223
519,0.0,0.0,0.0,,0.0,
520,-5.5546,0.0,-5.5546,0.0168,397.1564,0.6882
521,24.4492,188.9859,24.4492,0.4952,427.7048,0.0107
522,-11.9017,0.0,-11.9017,0.056,482.2183,0.459
523,2.0829,0.0,2.0829,0.1545,66.1886,0.2063
524,11.5812,0.0,11.5812,0.1545,368.0251,0.2063
525,43.5754,340.4036,43.5754,0.3152,851.0102,0.0575
526,6.5731,0.0,6.5731,0.1545,208.8793,0.2063
527,8.0341,0.0,8.0341,0.1545,255.3056,0.2063
528,1.7853,0.0,1.7853,0.1545,56.7341,0.2063
529,0.0,0.0,0.0,,0.0,
530,11.9021,0.0,11.9021,0.1545,378.2223,0.2063
531,11.902,0.0,11.902,0.1545,378.2195,0.2063
532,11.9019,0.0,11.9019,0.1545,378.2166,0.2063
533,0.0,0.0,0.0,,0.0,
534,0.0,0.0,0.0,,0.0,
535,0.0,0.0,0.0,,0.0,
536,0.0,0.0,0.0,,0.0,
537,0.0,0.0,0.0,,0.0,
538,29.6313,417.7593,29.6313,0.2972,417.7593,0.0668
539,15.7693,0.0,15.7693,0.1545,501.1141,0.2063
540,0.0,0.0,0.0,,0.0,
541,6.2483,0.0,6.2483,0.025,397.1141,0.6234
542,-5.9471,0.0,-5.9471,0.0423,358.0786,0.5213
543,14.12,0.0,14.12,0.0279,944.9273,0.6035
544,1.9476,0.0,1.9476,0.0004,895.1937,0.9507
545,10.1205,0.0,10.1205,0.0566,477.4364,0.4566
546,0.2773,113.4622,0.2773,0.0003,141.8279,0.9604
547,4.6139,85.0974,4.6139,0.013,340.3894,0.7385
548,-0.0,0.0,-0.0,0.0003,0.0,0.9609
549,10.5134,0.0,10.5134,0.1492,340.3947,0.2149
550,15.1742,0.0,15.1742,0.1545,482.2015,0.2063
551,15.077,358.0777,15.077,0.2358,358.0777,0.13
552,3.7357,28.3646,3.7357,0.1089,151.2778,0.2947
553,36.4808,427.7028,36.4808,0.3401,447.5959,0.0597
554,16.8717,19.8931,16.8717,0.0786,656.4737,0.4037
555,-3.7244,39.7863,-3.7244,0.0076,387.9162,0.7983
556,-1.4733,79.5725,-1.4733,0.0022,358.0763,0.8909
557,-5.4386,217.4693,-5.4386,0.0153,652.4096,0.7169
558,24.4696,510.5776,24.4696,0.1885,510.5776,0.1822
559,3.9647,0.0,3.9647,0.0015,954.8717,0.9057
560,24.3775,397.1203,24.3775,0.1366,538.9492,0.2633
561,-16.9912,0.0,-16.9912,0.0382,775.3377,0.5646
562,16.2289,0.0,16.2289,0.091,562.5999,0.3406
563,-7.5121,0.0,-7.5121,0.0104,925.0339,0.7528
564,0.0,0.0,0.0,0.1545,0.0004,0.2063
565,9.8187,0.0,9.8187,0.1545,312.0178,0.2063
566,6.5731,0.0,6.5731,0.1545,208.8794,0.2063
567,2.8171,0.0,2.8171,0.1545,89.5198,0.2063
568,35.2306,278.5062,35.2306,0.7116,507.2791,0.0006
569,0.0,0.0,0.0,,0.0,
570,10.0162,0.0,10.0162,0.1545,318.2928,0.2063
571,-2.504,0.0,-2.504,0.0099,268.5593,0.7581
572,5.0081,0.0,5.0081,0.1545,159.146,0.2063
573,10.9552,0.0,10.9552,0.1545,348.1321,0.2063
574,21.1104,447.5971,21.1104,0.0925,537.1166,0.3364
575,4.4864,0.0,4.4864,0.0316,288.4511,0.5805
576,1.4259,0.0,1.4259,0.0013,387.9168,0.9125
577,30.2585,358.0767,30.2585,0.5417,358.0767,0.0098
578,19.1091,453.842,19.1091,0.2358,453.842,0.13
579,-1.0769,0.0,-1.0769,0.0108,119.3589,0.7608
580,19.5802,268.5582,19.5802,0.0952,626.6359,0.3292
581,-42.9052,0.0,-42.9052,0.3171,567.2213,0.0566
582,47.7854,805.6741,47.7854,0.2574,835.5138,0.0923
583,52.0979,686.3147,52.0979,0.4543,686.3147,0.0162
584,32.0294,434.8594,32.0294,0.4179,434.8594,0.0231
585,15.6676,217.4293,15.6676,0.4361,236.3362,0.0194
586,-10.4335,129.3058,-10.4335,0.1649,208.8786,0.1902
587,39.0703,283.6069,39.0703,0.4112,699.5646,0.0246
588,0.1043,19.8932,0.1043,0.0,328.2382,0.9902
589,13.1462,0.0,13.1462,0.052,447.5976,0.4761
590,18.1891,557.0099,18.1891,0.0616,557.0099,0.4367
591,23.4829,726.0991,23.4829,0.0516,736.0456,0.5016
592,65.0041,656.473,65.0041,0.4994,656.473,0.0151
593,-3.3983,141.8304,-3.3983,0.0111,340.3935,0.7578
594,2.1538,169.0912,2.1538,0.0163,208.8774,0.7083
595,27.5587,507.274,27.5587,0.2842,507.274,0.0913
596,17.4925,358.076,17.4925,0.1963,358.076,0.1723
597,43.1034,510.5867,43.1034,0.5427,510.5867,0.0097
598,18.6477,784.7957,18.6477,0.0282,879.3491,0.6215
599,16.2286,29.8397,16.2286,0.3568,208.8779,0.0523
600,-17.2008,0.0,-17.2008,0.1453,338.1836,0.2475
601,9.1498,0.0,9.1498,0.0381,312.0319,0.5651
602,1.0994,0.0,1.0994,0.0332,69.6259,0.592
603,6.1993,122.9197,6.1993,0.0306,472.7689,0.6069
604,16.8269,159.1447,16.8269,0.2243,328.2362,0.1412
605,57.158,652.411,57.158,0.7235,765.874,0.0009
606,-0.8104,37.8208,-0.8104,0.0003,406.5726,0.9587
607,22.8915,274.2005,22.8915,0.2598,538.9463,0.1093
608,0.0,0.0,0.0,,0.0,
609,0.0,0.0,0.0,,0.0,
610,8.338,328.2332,8.338,0.0359,417.7514,0.5768
611,20.3561,487.3765,20.3561,0.1525,487.3765,0.235
612,0.0,0.0,0.0,,0.0,
613,0.0,0.0,0.0,,0.0,
614,18.3627,477.4293,18.3627,0.2308,477.4293,0.1139
615,18.3627,477.4296,18.3627,0.2308,477.4296,0.1139
616,27.006,415.9994,27.006,0.2532,491.6358,0.1146
617,3.3574,340.3616,3.3574,0.0079,415.9975,0.7953
618,21.1895,160.7222,21.1895,0.0927,671.2526,0.3361
619,50.5321,467.4823,50.5321,0.5927,656.4646,0.0034
620,9.077,89.518,9.077,0.0194,537.1078,0.6659
621,21.3188,358.0717,21.3188,0.0818,755.9292,0.3676
622,25.0237,567.2471,25.0237,0.1948,567.2471,0.1509
623,23.3011,0.0,23.3011,0.1753,576.8923,0.1755
624,-18.6408,0.0,-18.6408,0.0648,716.1422,0.4244
625,12.52,0.0,12.52,0.0839,457.535,0.361
626,-1.9172,0.0,-1.9172,0.0011,661.7694,0.9184
627,9.8835,397.058,9.8835,0.038,425.4193,0.5438
628,32.0631,595.5813,32.0631,0.4324,595.5813,0.0201
629,20.4145,387.9096,20.4145,0.2454,387.9096,0.1015
630,-5.0297,0.0,-5.0297,0.0358,264.6972,0.5775
631,4.5297,0.0,4.5297,0.0502,189.0674,0.5338
632,20.1195,198.9279,20.1195,0.3503,397.8559,0.0715
633,8.2717,85.0804,8.2717,0.2966,189.0675,0.1036
634,0.3029,18.907,0.3029,0.0003,217.4301,0.9628
635,3.9004,0.0,3.9004,0.0311,226.8862,0.5833
636,4.3963,9.4537,4.3963,0.1204,113.4444,0.2692
637,-2.2478,0.0,-2.2478,0.0195,198.5297,0.6653
638,-3.9667,0.0,-3.9667,0.011,321.4323,0.7461
639,5.7848,255.2578,5.7848,0.0511,255.2578,0.48
640,10.4788,207.99,10.4788,0.1836,264.7146,0.1646
641,8.9583,0.0,8.9583,0.091,274.1709,0.3406
642,10.0855,129.3034,10.0855,0.0589,477.428,0.4471
643,-6.8431,0.0,-6.8431,0.0355,311.9924,0.5788
644,16.1021,119.3571,16.1021,0.3168,258.6072,0.0567
645,7.8598,258.6073,7.8598,0.0784,258.6073,0.378
646,0.2975,472.7216,0.2975,0.0,472.7216,0.985
647,1.3884,198.5419,1.3884,0.0008,453.8108,0.9303
648,9.7184,397.0662,9.7184,0.0465,425.4281,0.5011
649,4.9788,85.0846,4.9788,0.0095,491.5991,0.775
650,-3.6361,9.4539,-3.6361,0.0033,491.6009,0.8585
651,17.817,387.6113,17.817,0.0995,425.4271,0.3178
652,-0.4173,358.0715,-0.4173,0.0001,477.4285,0.9765
653,21.8404,208.8752,21.8404,0.3062,348.1253,0.062
654,9.0422,606.7329,9.0422,0.0196,616.6793,0.6643
655,30.9735,406.523,30.9735,0.5024,406.523,0.0099
656,-18.163,0.0,-18.163,0.1975,338.1786,0.1708
657,10.8423,217.4416,10.8423,0.2684,293.073,0.0844
658,13.9369,170.1781,13.9369,0.6629,170.1781,0.0023
659,13.6763,79.5715,13.6763,0.3384,268.5537,0.1707
660,-8.2736,0.0,-8.2736,0.025,425.4127,0.6424
661,31.5672,510.4956,31.5672,0.2424,510.4956,0.1039
662,9.9496,18.9075,9.9496,0.0438,444.3258,0.5139
663,-12.3904,85.0821,-12.3904,0.0447,491.5844,0.5324
664,16.0325,149.1963,16.0325,0.647,149.1963,0.0016
665,2.1911,19.8935,2.1911,0.2244,59.6792,0.1197
666,1.1129,9.9465,1.1129,0.6713,9.9465,0.0011
667,2.9689,28.9465,2.9689,0.7253,28.9465,0.0004
668,1.1129,9.9465,1.1129,0.6713,9.9465,0.0011
669,0.2087,0.0,0.2087,0.0014,59.6789,0.9068
670,13.0416,208.8748,13.0416,0.2408,208.8748,0.1053
671,5.4949,119.3569,5.4949,0.0954,179.0355,0.3288
672,17.8144,387.5551,17.8144,0.1459,387.5551,0.2205
673,2.2258,19.8928,2.2258,0.0032,298.392,0.8618
674,0.0992,0.0,0.0992,0.0002,85.0727,0.9634
675,6.3457,56.7145,6.3457,0.6713,56.7145,0.0011
676,0.8924,9.4523,0.8924,0.437,9.4523,0.0193
677,0.0,0.0,0.0,0.0194,0.0,0.6657
678,38.3945,477.427,38.3945,0.3107,805.6582,0.0597
679,6.4119,387.5542,6.4119,0.0155,415.9109,0.6998
680,-3.1946,9.9464,-3.1946,0.0056,447.5873,0.8275
681,15.2036,387.56,15.2036,0.3,387.56,0.0652
682,15.8646,340.2957,15.8646,0.1466,340.2957,0.2192
683,37.4139,397.0113,37.4139,0.1909,879.0951,0.1556
684,8.3119,29.8392,8.3119,0.0309,447.5884,0.5848
685,27.37,417.7491,27.37,0.3247,477.4276,0.0531
686,39.0008,387.5618,39.0008,0.5688,406.4672,0.0046
687,29.3165,378.1073,29.3165,0.3473,434.8233,0.0438
688,7.5467,49.732,7.5467,0.0928,268.5529,0.3356
689,8.3466,19.8928,8.3466,0.0547,467.4809,0.4644
690,3.6026,18.9056,3.6026,0.0078,425.3746,0.7851
691,1.5864,9.4523,1.5864,0.4167,18.9045,0.0234
692,0.0,0.0,0.0,,0.0,
693,10.1061,85.07,10.1061,0.6704,85.07,0.0021
694,-0.2692,0.0,-0.2692,0.0108,29.8392,0.7608
695,14.1808,122.7004,14.1808,0.1476,264.2777,0.273
696,6.9005,56.6314,6.9005,0.8051,56.6314,0.0025
697,45.4634,497.3316,45.4634,0.387,497.3316,0.0548
698,28.5916,254.8378,28.5916,0.6144,254.8378,0.0073
699,46.6852,368.0952,46.6852,0.687,368.0952,0.003
700,25.2762,368.0933,25.2762,0.3283,368.0933,0.0834
701,30.1796,49.7332,30.1796,0.3325,358.0791,0.081
702,2.3775,348.1319,2.3775,0.0021,477.4379,0.9009
703,26.9338,0.0,26.9338,0.2195,368.0952,0.172
704,2.3021,28.3153,2.3021,0.6098,28.3153,0.0077
705,0.5524,0.0,0.5524,0.0009,160.4313,0.933
706,25.4729,29.8396,25.4729,0.1604,437.6483,0.2514
707,2.7161,28.3114,2.7161,0.0182,198.1801,0.7101
708,18.2296,339.7342,18.2296,0.3279,339.7342,0.0836
709,20.8635,139.2517,20.8635,0.2359,377.9689,0.1547
710,-3.0383,0.0,-3.0383,0.0061,311.4237,0.8302
711,0.0,0.0,0.0,0.137,0.0,0.2923
712,10.9655,377.9689,10.9655,0.0477,387.9154,0.5444
713,0.0,0.0,0.0,0.6126,0.0,0.0074
714,27.9134,349.562,27.9134,0.3856,481.8286,0.0743
715,10.4895,119.3548,10.4895,0.7684,119.3548,0.0219
716,1.466,18.8956,1.466,0.0021,283.4339,0.9319
717,7.3658,69.6236,7.3658,0.2379,139.2472,0.2668
718,2.4239,9.9462,2.4239,0.0458,89.5161,0.6838
719,4.5384,56.6856,4.5384,0.116,160.6092,0.3698
720,25.8417,228.7631,25.8417,0.1647,566.9345,0.2786
721,13.4809,547.0418,13.4809,0.0356,656.45,0.6269
722,28.2974,0.0,28.2974,0.2472,566.9342,0.1733
723,1.4561,59.6773,1.4561,0.0051,179.032,0.8667
724,13.4588,132.2656,13.4588,0.7021,132.2656,0.0048
725,17.4104,141.7122,17.4104,0.7044,141.7122,0.0092
726,32.5821,457.5258,32.5821,0.3733,457.5258,0.0805
727,4.1569,37.7897,4.1569,0.6643,37.7897,0.0137
728,0.0,0.0,0.0,0.6839,0.0,0.0113
729,0.0683,85.028,0.0683,0.0,113.3707,0.9886
730,5.5588,149.1931,5.5588,0.008,646.5037,0.8191
731,8.0351,9.9462,8.0351,0.0353,358.0634,0.6285
732,2.4249,0.0,2.4249,0.0185,198.924,0.7269
733,0.0683,56.6857,0.0683,0.0,500.7228,0.9966
734,0.0,0.0,0.0,,0.0,
735,16.4455,18.8953,16.4455,0.1518,340.1154,0.3
736,10.0236,18.8955,10.0236,0.1597,255.0886,0.2866
737,23.1308,321.2249,23.1308,0.1607,444.046,0.4308
738,18.5567,159.1395,18.5567,0.2231,417.7411,0.1992
739,39.2814,368.0098,39.2814,0.6098,387.9021,0.013
740,6.5862,132.2643,6.5862,0.2337,132.2643,0.2249
741,17.2144,19.8922,17.2144,0.1293,616.6587,0.251
742,10.0005,28.3184,10.0005,0.0243,556.9275,0.6283
743,1.1882,18.8789,1.1882,0.0957,47.1973,0.3278
744,5.1817,59.6766,5.1817,0.0094,467.4669,0.7642
745,-8.4165,28.319,-8.4165,0.0888,254.8706,0.3468
746,-12.0675,9.9461,-12.0675,0.134,417.7368,0.2419
747,5.8425,119.3535,5.8425,0.04,328.2221,0.533
748,1.2267,9.9461,1.2267,0.3603,19.8923,0.0875
749,1.0232,18.879,1.0232,0.0993,37.758,0.3184
750,20.133,330.3798,20.133,0.2715,453.0922,0.0824
751,5.4128,0.0,5.4128,0.0576,283.1814,0.4525
752,14.4323,258.5987,14.4323,0.2564,268.5447,0.093
753,-6.9205,0.0001,-6.9205,0.016,537.0898,0.6957
755,-5.17,47.2257,-5.17,0.0287,283.3539,0.6184
756,14.029,0.0,14.029,0.027,666.3764,0.6295
757,30.0621,328.2152,30.0621,0.4358,328.2152,0.0271
758,7.9195,85.0031,7.9195,0.1553,85.0031,0.4395
759,47.8351,616.6468,47.8351,0.7993,616.6468,0.0066
760,9.637,49.7296,9.637,0.663,69.6215,0.0486
761,6.6287,37.7778,6.6287,0.6345,37.7778,0.0579
762,-0.7626,9.4444,-0.7626,0.0198,28.3331,0.7903
763,-0.0,0.0,-0.0,0.0305,0.0001,0.7409
764,-0.8799,0.0,-0.8799,0.0311,28.3334,0.7384
765,0.528,0.0,0.528,0.0012,85.0013,0.9472
766,1.1146,18.8893,1.1146,0.0061,85.0019,0.8827
767,0.9973,28.3342,0.9973,0.0032,85.0027,0.9158
768,33.4969,179.4521,33.4969,0.8215,179.4521,0.0127
769,-12.6081,0.0,-12.6081,0.134,298.377,0.2682
770,11.4121,37.78,11.4121,0.1065,340.0199,0.3273
771,-0.4616,18.8902,-0.4616,0.0002,273.9075,0.9653
772,6.5761,141.6779,6.5761,0.1445,217.2394,0.2488
773,-24.2665,0.0,-24.2665,0.2448,387.256,0.1218
774,-0.6392,9.4454,-0.6392,0.0003,283.3606,0.9572
775,0.344,109.4048,0.344,0.0,586.8075,0.9888
776,15.2479,0.0,15.2479,0.165,298.3765,0.2151
777,-0.8041,0.0003,-0.8041,0.0977,29.8372,0.4128
778,-0.0739,0.0003,-0.0739,0.0004,29.8374,0.9612
779,10.2301,119.3506,10.2301,0.2718,218.8094,0.1
780,-7.2439,0.0,-7.2439,0.0175,453.3838,0.698
781,6.3278,0.0,6.3278,0.0615,226.6912,0.4621
782,15.5529,0.0,15.5529,0.1295,358.9241,0.277
783,8.0534,368.3662,8.0534,0.0346,396.7021,0.5841
784,-4.786,9.9459,-4.786,0.0109,367.9986,0.7598
785,11.3484,28.3356,11.3484,0.0719,481.7051,0.4252
786,4.2609,0.0,4.2609,0.0108,311.6881,0.761
787,2.6846,0.0,2.6846,0.0037,427.6743,0.8589
788,-4.6373,0.0,-4.6373,0.019,330.5735,0.6863
789,18.6551,18.8898,18.6551,0.2045,236.1222,0.368
790,66.7798,328.2157,66.7798,0.7205,387.8912,0.1512
791,33.1206,507.2417,33.1206,0.2339,527.1336,0.1318
792,21.4963,255.0159,21.4963,0.4132,255.0159,0.0329
793,-0.6506,0.0,-0.6506,0.0002,497.2953,0.9653
794,8.3301,170.011,8.3301,0.199,170.011,0.169
795,-1.2286,0.0,-1.2286,0.0071,132.2291,0.8048
796,16.3085,122.7833,16.3085,0.4181,122.7833,0.1652
797,-14.6432,0.0,-14.6432,0.1405,377.7963,0.2561
798,7.3643,18.8901,7.3643,0.0533,292.7957,0.4945
799,-2.6276,28.3353,-2.6276,0.004,340.0233,0.8533
800,0.0,0.0,0.0,,0.0,
801,19.3522,415.5923,19.3522,0.3007,415.5923,0.0807
802,5.2837,113.3439,5.2837,0.0298,340.0318,0.6116
803,21.5114,283.362,21.5114,0.3212,283.362,0.0691
804,10.3259,349.4762,10.3259,0.0662,368.3668,0.4449
805,36.1641,298.3765,36.1641,0.7351,298.3765,0.0007
806,10.4752,406.1548,10.4752,0.0622,406.1548,0.4594
807,7.8324,79.5669,7.8324,0.8155,79.5669,0.0136
808,1.4919,19.8917,1.4919,0.0193,119.3503,0.793
809,1.1189,9.9458,1.1189,0.7594,9.9458,0.0237
810,-18.259,28.3365,-18.259,0.0716,538.3944,0.4263
811,8.5783,89.5127,8.5783,0.8817,89.5127,0.0055
812,6.3028,368.3736,6.3028,0.0182,368.3736,0.7293
813,2.5975,18.8909,2.5975,0.5585,28.3364,0.0877
814,18.7728,169.0793,18.7728,0.8253,169.0794,0.0122
815,0.0575,0.0,0.0575,0.0,99.4584,0.9942
816,15.4161,198.9168,15.4161,0.5297,198.9168,0.101
817,5.6672,56.6725,5.6672,0.2683,113.345,0.2925
818,-13.1148,113.345,-13.1148,0.0309,651.7346,0.6512
819,8.5783,89.5127,8.5783,0.4601,129.2961,0.1386
