system:index,MNDWI,True_Class,.geo
00000000000000000002_0,-0.042715706,Intertidal,"{""geodesic"":false,""type"":""Point"",""coordinates"":[84.78968896406712,19.12472815702676]}"
0000000000000000003c_0,-0.07699277,Intertidal,"{""geodesic"":false,""type"":""Point"",""coordinates"":[84.9053021411333,19.418746749519077]}"
0000000000000000003d_0,0.06451611,Intertidal,"{""geodesic"":false,""type"":""Point"",""coordinates"":[84.84718114225078,19.229022561513034]}"
0000000000000000003f_0,0.07112218,Intertidal,"{""geodesic"":false,""type"":""Point"",""coordinates"":[84.73902398204278,19.055108722507494]}"
00000000000000000040_0,-0.06958254,Intertidal,"{""geodesic"":false,""type"":""Point"",""coordinates"":[84.74144943330991,19.11843995003792]}"
00000000000000000041_0,-0.05936293,Intertidal,"{""geodesic"":false,""type"":""Point"",""coordinates"":[84.72285430692864,19.120506075191397]}"
00000000000000000043_0,0.03765692,Intertidal,"{""geodesic"":false,""type"":""Point"",""coordinates"":[84.82876567892633,19.180962693812642]}"
00000000000000000044_0,-0.064220205,Intertidal,"{""geodesic"":false,""type"":""Point"",""coordinates"":[84.75411567881599,19.121943379645987]}"
00000000000000000045_0,-0.069372356,Intertidal,"{""geodesic"":false,""type"":""Point"",""coordinates"":[84.72536958972417,19.137843560174904]}"
00000000000000000046_0,0.07139024,Intertidal,"{""geodesic"":false,""type"":""Point"",""coordinates"":[84.7082117677975,19.116463656412858]}"
00000000000000000048_0,-0.09876866,Intertidal,"{""geodesic"":false,""type"":""Point"",""coordinates"":[84.73659853077567,19.109546628725138]}"
0000000000000000004a_0,-0.07635206,Intertidal,"{""geodesic"":false,""type"":""Point"",""coordinates"":[84.7647157991686,19.10352791632154]}"
0000000000000000004b_0,-0.033259407,Intertidal,"{""geodesic"":false,""type"":""Point"",""coordinates"":[84.88176628068938,19.3723038493301]}"
0000000000000000004c_0,0.0414201,Intertidal,"{""geodesic"":false,""type"":""Point"",""coordinates"":[84.86326098583652,19.293252104327582]}"
0000000000000000004d_0,0.06693712,Intertidal,"{""geodesic"":false,""type"":""Point"",""coordinates"":[84.90709877170156,19.416860287422427]}"
0000000000000000004e_0,-0.06003936,Intertidal,"{""geodesic"":false,""type"":""Point"",""coordinates"":[84.78510755611812,19.11960775990728]}"
0000000000000000004f_0,-0.0572973,Intertidal,"{""geodesic"":false,""type"":""Point"",""coordinates"":[84.73246628046871,19.138472380873786]}"
00000000000000000050_0,-0.09613173,Intertidal,"{""geodesic"":false,""type"":""Point"",""coordinates"":[84.70794227321225,19.11556534112874]}"
00000000000000000051_0,-0.06284658,Intertidal,"{""geodesic"":false,""type"":""Point"",""coordinates"":[84.73201712282666,19.136585918777136]}"
00000000000000000054_0,-0.05818182,Intertidal,"{""geodesic"":false,""type"":""Point"",""coordinates"":[84.70587614805878,19.05025781997325]}"
00000000000000000055_0,-0.08961996,Intertidal,"{""geodesic"":false,""type"":""Point"",""coordinates"":[84.8435878811143,19.230010708325565]}"
00000000000000000056_0,0.0031720803,Intertidal,"{""geodesic"":false,""type"":""Point"",""coordinates"":[84.80334335638574,19.204768048841807]}"
00000000000000000057_0,0.052423347,Intertidal,"{""geodesic"":false,""type"":""Point"",""coordinates"":[84.70210322386548,19.076308963212718]}"
00000000000000000058_0,-0.013970259,Intertidal,"{""geodesic"":false,""type"":""Point"",""coordinates"":[84.90512247807649,19.418297591877018]}"
00000000000000000059_0,-0.09701848,Intertidal,"{""geodesic"":false,""type"":""Point"",""coordinates"":[84.73228661741189,19.12616546148135]}"
0000000000000000005a_0,-0.051295612,Intertidal,"{""geodesic"":false,""type"":""Point"",""coordinates"":[84.74333589540656,19.0506171460869]}"
0000000000000000005b_0,0.06386175,Intertidal,"{""geodesic"":false,""type"":""Point"",""coordinates"":[84.86541694251841,19.33232881918678]}"
0000000000000000005c_0,-0.053658534,Intertidal,"{""geodesic"":false,""type"":""Point"",""coordinates"":[84.83119113019345,19.233693800990455]}"
0000000000000000005d_0,0.025841817,Intertidal,"{""geodesic"":false,""type"":""Point"",""coordinates"":[84.72824419863335,19.129129901918944]}"
0000000000000000005e_0,-0.055118114,Intertidal,"{""geodesic"":false,""type"":""Point"",""coordinates"":[84.74207825400879,19.142963957294384]}"
0000000000000000005f_0,0.08657335,Intertidal,"{""geodesic"":false,""type"":""Point"",""coordinates"":[84.73579004701996,19.056096869320026]}"
00000000000000000060_0,-0.09688999,Intertidal,"{""geodesic"":false,""type"":""Point"",""coordinates"":[84.85544564286468,19.333855955169785]}"
00000000000000000061_0,-0.05401155,Intertidal,"{""geodesic"":false,""type"":""Point"",""coordinates"":[84.75384618423075,19.124099336327873]}"
00000000000000000063_0,0.0931442,Intertidal,"{""geodesic"":false,""type"":""Point"",""coordinates"":[84.74082061261103,19.16982358428956]}"
00000000000000000064_0,0.06655845,Intertidal,"{""geodesic"":false,""type"":""Point"",""coordinates"":[84.71126603976349,19.104695726190894]}"
00000000000000000066_0,-0.05182515,Intertidal,"{""geodesic"":false,""type"":""Point"",""coordinates"":[84.83649119036976,19.333047471414076]}"
00000000000000000067_0,0.08183307,Intertidal,"{""geodesic"":false,""type"":""Point"",""coordinates"":[84.8481692890633,19.283729962315913]}"
00000000000000000068_0,0.0017921117,Intertidal,"{""geodesic"":false,""type"":""Point"",""coordinates"":[84.7300408292016,19.122572200344873]}"
00000000000000000069_0,-0.097222246,Intertidal,"{""geodesic"":false,""type"":""Point"",""coordinates"":[84.7489054501681,19.135148614322546]}"
0000000000000000006a_0,-0.0427913,Intertidal,"{""geodesic"":false,""type"":""Point"",""coordinates"":[84.74549185208845,19.12104506436187]}"
0000000000000000006b_0,-0.08404387,Intertidal,"{""geodesic"":false,""type"":""Point"",""coordinates"":[84.80424167166987,19.15563020280047]}"
0000000000000000006c_0,-0.002145919,Intertidal,"{""geodesic"":false,""type"":""Point"",""coordinates"":[84.89811561886036,19.302774246339247]}"
0000000000000000006d_0,-0.072225876,Intertidal,"{""geodesic"":false,""type"":""Point"",""coordinates"":[84.75366652117394,19.121763716589165]}"
0000000000000000006e_0,-0.060365006,Intertidal,"{""geodesic"":false,""type"":""Point"",""coordinates"":[84.7895093010103,19.175213475994276]}"
0000000000000000006f_0,0.055244178,Intertidal,"{""geodesic"":false,""type"":""Point"",""coordinates"":[84.71791357286598,19.11188224846385]}"
00000000000000000072_0,0.09213485,Intertidal,"{""geodesic"":false,""type"":""Point"",""coordinates"":[84.74728848265669,19.12104506436187]}"
00000000000000000074_0,0.046728984,Intertidal,"{""geodesic"":false,""type"":""Point"",""coordinates"":[84.77181248991315,19.104066905492008]}"
00000000000000000075_0,-0.065182835,Intertidal,"{""geodesic"":false,""type"":""Point"",""coordinates"":[84.72923234544588,19.131016364015593]}"
00000000000000000077_0,0.036569998,Intertidal,"{""geodesic"":false,""type"":""Point"",""coordinates"":[84.7736989520098,19.346791695261103]}"
00000000000000000079_0,0.48651162,Intertidal,"{""geodesic"":false,""type"":""Point"",""coordinates"":[84.71063721906461,19.11781112933904]}"
0000000000000000007d_0,0.45776206,Intertidal,"{""geodesic"":false,""type"":""Point"",""coordinates"":[84.70991856683732,19.12167388506075]}"
0000000000000000007f_0,0.26223424,Intertidal,"{""geodesic"":false,""type"":""Point"",""coordinates"":[84.71414064867268,19.122392537288047]}"
00000000000000000080_0,0.59810126,Intertidal,"{""geodesic"":false,""type"":""Point"",""coordinates"":[84.83280809770487,19.235670094615518]}"
00000000000000000085_0,0.65426445,Intertidal,"{""geodesic"":false,""type"":""Point"",""coordinates"":[84.71521862701361,19.118709444623157]}"
0000000000000000008b_0,0.24371582,Intertidal,"{""geodesic"":false,""type"":""Point"",""coordinates"":[84.77082434310061,19.336730564078966]}"
0000000000000000008c_0,0.70382166,Intertidal,"{""geodesic"":false,""type"":""Point"",""coordinates"":[84.72806453557654,19.10730084051484]}"
00000000000000000095_0,0.5669882,Intertidal,"{""geodesic"":false,""type"":""Point"",""coordinates"":[84.74342572693497,19.131375690129243]}"
00000000000000000097_0,0.20577008,Intertidal,"{""geodesic"":false,""type"":""Point"",""coordinates"":[84.91904636498033,19.375627615881342]}"
0000000000000000009c_0,0.53571427,Intertidal,"{""geodesic"":false,""type"":""Point"",""coordinates"":[84.71620677382614,19.11143309082179]}"
0000000000000000009f_0,0.3159074,Intertidal,"{""geodesic"":false,""type"":""Point"",""coordinates"":[84.7338137533949,19.119338265322043]}"
000000000000000000a0_0,0.613963,Intertidal,"{""geodesic"":false,""type"":""Point"",""coordinates"":[84.79813312773786,19.135597771964605]}"
000000000000000000a3_0,0.5231911,Intertidal,"{""geodesic"":false,""type"":""Point"",""coordinates"":[84.7263577365367,19.11835011850951]}"
000000000000000000a4_0,0.44110477,Intertidal,"{""geodesic"":false,""type"":""Point"",""coordinates"":[84.74171892789515,19.132453668470188]}"
000000000000000000a6_0,0.52410007,Intertidal,"{""geodesic"":false,""type"":""Point"",""coordinates"":[84.71997969801946,19.111343259293378]}"
000000000000000000b2_0,0.7440476,Intertidal,"{""geodesic"":false,""type"":""Point"",""coordinates"":[84.72303396998547,19.111702585407027]}"
000000000000000000b3_0,0.625,Intertidal,"{""geodesic"":false,""type"":""Point"",""coordinates"":[84.82975382573886,19.235490431558695]}"
00000000000000000001_0,-0.2998175,Land,"{""geodesic"":false,""type"":""Point"",""coordinates"":[84.88482055265538,19.32586094914112]}"
00000000000000000003_0,-0.4453597,Land,"{""geodesic"":false,""type"":""Point"",""coordinates"":[84.725549252781,19.40365505274587]}"
00000000000000000004_0,-0.55317396,Land,"{""geodesic"":false,""type"":""Point"",""coordinates"":[84.7819634526237,19.244383752871478]}"
00000000000000000006_0,-0.43997294,Land,"{""geodesic"":false,""type"":""Point"",""coordinates"":[84.76381748388448,19.12248236881646]}"
00000000000000000007_0,-0.41442224,Land,"{""geodesic"":false,""type"":""Point"",""coordinates"":[84.79112626852172,19.13550794043619]}"
00000000000000000008_0,-0.2902764,Land,"{""geodesic"":false,""type"":""Point"",""coordinates"":[84.80882307961888,19.298013175333413]}"
0000000000000000000b_0,-0.43921205,Land,"{""geodesic"":false,""type"":""Point"",""coordinates"":[84.70102524552453,19.235310768501872]}"
0000000000000000000c_0,-0.4768977,Land,"{""geodesic"":false,""type"":""Point"",""coordinates"":[84.70866092543955,19.346342537619044]}"
0000000000000000000d_0,-0.4229656,Land,"{""geodesic"":false,""type"":""Point"",""coordinates"":[84.71719492063868,19.3700580611198]}"
0000000000000000000e_0,-0.3974026,Land,"{""geodesic"":false,""type"":""Point"",""coordinates"":[84.68386742359785,19.055647711677967]}"
0000000000000000000f_0,-0.3816132,Land,"{""geodesic"":false,""type"":""Point"",""coordinates"":[84.69617434299029,19.118170455452685]}"
00000000000000000010_0,-0.5570866,Land,"{""geodesic"":false,""type"":""Point"",""coordinates"":[84.89883427108765,19.33421528128343]}"
00000000000000000011_0,-0.3307425,Land,"{""geodesic"":false,""type"":""Point"",""coordinates"":[84.7692073755892,19.368081767494736]}"
00000000000000000012_0,-0.44474986,Land,"{""geodesic"":false,""type"":""Point"",""coordinates"":[84.7752260879928,19.17395583459651]}"
00000000000000000013_0,-0.48587748,Land,"{""geodesic"":false,""type"":""Point"",""coordinates"":[84.70776261015543,19.140538506027262]}"
00000000000000000015_0,-0.4405036,Land,"{""geodesic"":false,""type"":""Point"",""coordinates"":[84.7767532239758,19.288760527906984]}"
00000000000000000016_0,-0.44484916,Land,"{""geodesic"":false,""type"":""Point"",""coordinates"":[84.8269690483581,19.41434500462689]}"
00000000000000000017_0,-0.39702547,Land,"{""geodesic"":false,""type"":""Point"",""coordinates"":[84.7022828869223,19.052593439711963]}"
00000000000000000018_0,-0.52270323,Land,"{""geodesic"":false,""type"":""Point"",""coordinates"":[84.7023727184507,19.13442996209525]}"
00000000000000000019_0,-0.54029846,Land,"{""geodesic"":false,""type"":""Point"",""coordinates"":[84.69536585923458,19.127243439822294]}"
0000000000000000001a_0,-0.46541902,Land,"{""geodesic"":false,""type"":""Point"",""coordinates"":[84.76938703864603,19.265314498991465]}"
0000000000000000001b_0,-0.44543147,Land,"{""geodesic"":false,""type"":""Point"",""coordinates"":[84.91114119048008,19.293611430441228]}"
0000000000000000001c_0,-0.45433632,Land,"{""geodesic"":false,""type"":""Point"",""coordinates"":[84.71494913242839,19.277980744497548]}"
0000000000000000001e_0,-0.56905633,Land,"{""geodesic"":false,""type"":""Point"",""coordinates"":[84.69240141879699,19.24393459522942]}"
0000000000000000001f_0,-0.507054,Land,"{""geodesic"":false,""type"":""Point"",""coordinates"":[84.79328222520361,19.160031947692655]}"
00000000000000000020_0,-0.29281768,Land,"{""geodesic"":false,""type"":""Point"",""coordinates"":[84.8007382420618,19.166769312323552]}"
00000000000000000021_0,-0.33003843,Land,"{""geodesic"":false,""type"":""Point"",""coordinates"":[84.81017055254506,19.21725463129107]}"
00000000000000000022_0,-0.29185697,Land,"{""geodesic"":false,""type"":""Point"",""coordinates"":[84.78582620834541,19.31750661699881]}"
00000000000000000023_0,-0.4757953,Land,"{""geodesic"":false,""type"":""Point"",""coordinates"":[84.7594157389923,19.132094342356538]}"
00000000000000000024_0,-0.47704467,Land,"{""geodesic"":false,""type"":""Point"",""coordinates"":[84.70515749583149,19.390000660427255]}"
00000000000000000027_0,-0.45009202,Land,"{""geodesic"":false,""type"":""Point"",""coordinates"":[84.86299149125128,19.336730564078966]}"
00000000000000000029_0,-0.4121339,Land,"{""geodesic"":false,""type"":""Point"",""coordinates"":[84.8947020207807,19.27079422222459]}"
0000000000000000002a_0,-0.44132987,Land,"{""geodesic"":false,""type"":""Point"",""coordinates"":[84.68449624429674,19.416680624365604]}"
0000000000000000002c_0,-0.4097045,Land,"{""geodesic"":false,""type"":""Point"",""coordinates"":[84.761751358731,19.293252104327582]}"
0000000000000000002d_0,-0.48208982,Land,"{""geodesic"":false,""type"":""Point"",""coordinates"":[84.73408324798012,19.226237784132266]}"
0000000000000000002e_0,-0.42966613,Land,"{""geodesic"":false,""type"":""Point"",""coordinates"":[84.80370268249939,19.292623283628696]}"
0000000000000000002f_0,-0.4483277,Land,"{""geodesic"":false,""type"":""Point"",""coordinates"":[84.77504642493598,19.38299380121112]}"
00000000000000000030_0,-0.37791884,Land,"{""geodesic"":false,""type"":""Point"",""coordinates"":[84.8045111662551,19.150240311095754]}"
00000000000000000032_0,-0.47393745,Land,"{""geodesic"":false,""type"":""Point"",""coordinates"":[84.68234028761485,19.384520937194125]}"
00000000000000000034_0,-0.4095771,Land,"{""geodesic"":false,""type"":""Point"",""coordinates"":[84.72141700247404,19.16066076839154]}"
00000000000000000035_0,-0.46538144,Land,"{""geodesic"":false,""type"":""Point"",""coordinates"":[84.88697650933727,19.414434836155305]}"
00000000000000000039_0,-0.54914814,Land,"{""geodesic"":false,""type"":""Point"",""coordinates"":[84.70875075696796,19.287413054980803]}"
0000000000000000003a_0,-0.5032997,Land,"{""geodesic"":false,""type"":""Point"",""coordinates"":[84.68584371722291,19.27295017890648]}"
0000000000000000003b_0,-0.46961328,Land,"{""geodesic"":false,""type"":""Point"",""coordinates"":[84.85346934923962,19.267829781786997]}"
0000000000000000003e_0,0.055928443,Land,"{""geodesic"":false,""type"":""Point"",""coordinates"":[84.79436020354456,19.143862272578506]}"
00000000000000000070_0,-0.00449067,Land,"{""geodesic"":false,""type"":""Point"",""coordinates"":[84.90009191248542,19.272321358207595]}"
00000000000000000071_0,-0.021321965,Land,"{""geodesic"":false,""type"":""Point"",""coordinates"":[84.75537332021376,19.114577194316208]}"
00000000000000000073_0,0.055392567,Land,"{""geodesic"":false,""type"":""Point"",""coordinates"":[84.78762283891365,19.162816725073426]}"
00000000000000000099_0,0.4072229,Land,"{""geodesic"":false,""type"":""Point"",""coordinates"":[84.74037145496897,19.143413114936443]}"
000000000000000000ab_0,0.5442443,Land,"{""geodesic"":false,""type"":""Point"",""coordinates"":[84.73776634064502,19.140628337555675]}"
000000000000000000af_0,0.41372144,Land,"{""geodesic"":false,""type"":""Point"",""coordinates"":[84.71045755600778,19.110355112480846]}"
00000000000000000000_0,0.5793499,Water,"{""geodesic"":false,""type"":""Point"",""coordinates"":[84.89290539021246,19.145569071618333]}"
00000000000000000005_0,0.64746946,Water,"{""geodesic"":false,""type"":""Point"",""coordinates"":[84.87763403038242,19.181322019926288]}"
00000000000000000009_0,0.5443038,Water,"{""geodesic"":false,""type"":""Point"",""coordinates"":[84.88365274278603,19.076668289326363]}"
0000000000000000000a_0,0.6089965,Water,"{""geodesic"":false,""type"":""Point"",""coordinates"":[84.89586983065006,19.196862874341555]}"
00000000000000000014_0,0.62880003,Water,"{""geodesic"":false,""type"":""Point"",""coordinates"":[84.90817675004249,19.238275208939466]}"
0000000000000000001d_0,0.6263736,Water,"{""geodesic"":false,""type"":""Point"",""coordinates"":[84.86406946959222,19.15338441459017]}"
00000000000000000025_0,0.65622354,Water,"{""geodesic"":false,""type"":""Point"",""coordinates"":[84.78816182808413,19.082237844087906]}"
00000000000000000026_0,0.64620936,Water,"{""geodesic"":false,""type"":""Point"",""coordinates"":[84.86128469221146,19.154911550573175]}"
00000000000000000028_0,0.55944055,Water,"{""geodesic"":false,""type"":""Point"",""coordinates"":[84.88464088959856,19.05528838556432]}"
0000000000000000002b_0,0.6248873,Water,"{""geodesic"":false,""type"":""Point"",""coordinates"":[84.89811561886036,19.166050660096257]}"
00000000000000000031_0,0.63837636,Water,"{""geodesic"":false,""type"":""Point"",""coordinates"":[84.84843878364855,19.125087483140405]}"
00000000000000000033_0,0.63975155,Water,"{""geodesic"":false,""type"":""Point"",""coordinates"":[84.83298776076168,19.143772441050093]}"
00000000000000000036_0,0.6141869,Water,"{""geodesic"":false,""type"":""Point"",""coordinates"":[84.9119496742358,19.20036630394962]}"
00000000000000000037_0,0.6423358,Water,"{""geodesic"":false,""type"":""Point"",""coordinates"":[84.85912873552957,19.16515234481214]}"
00000000000000000038_0,-0.3074065,Water,"{""geodesic"":false,""type"":""Point"",""coordinates"":[84.84250990277336,19.230190371382392]}"
00000000000000000042_0,0.065715715,Water,"{""geodesic"":false,""type"":""Point"",""coordinates"":[84.68054365704661,19.367093620682205]}"
00000000000000000047_0,0.034358058,Water,"{""geodesic"":false,""type"":""Point"",""coordinates"":[84.77154299532792,19.33610174338008]}"
00000000000000000049_0,-0.02393934,Water,"{""geodesic"":false,""type"":""Point"",""coordinates"":[84.78735334432842,19.172967687783977]}"
00000000000000000052_0,-0.03211679,Water,"{""geodesic"":false,""type"":""Point"",""coordinates"":[84.7542055103444,19.237287062126935]}"
00000000000000000053_0,0.03518729,Water,"{""geodesic"":false,""type"":""Point"",""coordinates"":[84.78456856694764,19.12284169493011]}"
00000000000000000062_0,0.094736814,Water,"{""geodesic"":false,""type"":""Point"",""coordinates"":[84.75178005907729,19.15383357223223]}"
00000000000000000065_0,0.00664083,Water,"{""geodesic"":false,""type"":""Point"",""coordinates"":[84.75681062466835,19.383712453438417]}"
00000000000000000076_0,-0.066447906,Water,"{""geodesic"":false,""type"":""Point"",""coordinates"":[84.90727843475837,19.35487653281818]}"
00000000000000000078_0,0.72025055,Water,"{""geodesic"":false,""type"":""Point"",""coordinates"":[84.75995472816277,19.111253427764964]}"
0000000000000000007a_0,0.16858497,Water,"{""geodesic"":false,""type"":""Point"",""coordinates"":[84.73938330815643,19.130118048731475]}"
0000000000000000007b_0,0.7926102,Water,"{""geodesic"":false,""type"":""Point"",""coordinates"":[84.75321736353187,19.090232850116568]}"
0000000000000000007c_0,0.7969452,Water,"{""geodesic"":false,""type"":""Point"",""coordinates"":[84.72761537793447,19.113948373617323]}"
0000000000000000007e_0,0.6502193,Water,"{""geodesic"":false,""type"":""Point"",""coordinates"":[84.88652735169521,19.36592581081285]}"
00000000000000000081_0,0.3964687,Water,"{""geodesic"":false,""type"":""Point"",""coordinates"":[84.86110502915463,19.290826653060456]}"
00000000000000000082_0,0.6219931,Water,"{""geodesic"":false,""type"":""Point"",""coordinates"":[84.74180875942356,19.130477374845125]}"
00000000000000000083_0,0.78958017,Water,"{""geodesic"":false,""type"":""Point"",""coordinates"":[84.74198842248038,19.095083752650815]}"
00000000000000000084_0,0.21693812,Water,"{""geodesic"":false,""type"":""Point"",""coordinates"":[84.72141700247404,19.109007639554665]}"
00000000000000000086_0,0.20473161,Water,"{""geodesic"":false,""type"":""Point"",""coordinates"":[84.74674949348622,19.26459584676417]}"
00000000000000000087_0,0.7880435,Water,"{""geodesic"":false,""type"":""Point"",""coordinates"":[84.72078818177516,19.103348253264713]}"
00000000000000000088_0,0.4155598,Water,"{""geodesic"":false,""type"":""Point"",""coordinates"":[84.80334335638574,19.395300720603558]}"
00000000000000000089_0,0.7174281,Water,"{""geodesic"":false,""type"":""Point"",""coordinates"":[84.75672079313995,19.13263333152701]}"
0000000000000000008a_0,0.27199754,Water,"{""geodesic"":false,""type"":""Point"",""coordinates"":[84.85311002312596,19.391348133353432]}"
0000000000000000008d_0,0.44642043,Water,"{""geodesic"":false,""type"":""Point"",""coordinates"":[84.7923839099195,19.148084354413868]}"
0000000000000000008e_0,0.7045177,Water,"{""geodesic"":false,""type"":""Point"",""coordinates"":[84.75312753200346,19.10038381282712]}"
0000000000000000008f_0,0.60544217,Water,"{""geodesic"":false,""type"":""Point"",""coordinates"":[84.8293046680968,19.235939589200754]}"
00000000000000000090_0,0.11463527,Water,"{""geodesic"":false,""type"":""Point"",""coordinates"":[84.82472326014779,19.345534053863336]}"
00000000000000000091_0,0.64451313,Water,"{""geodesic"":false,""type"":""Point"",""coordinates"":[84.83397590757421,19.235490431558695]}"
00000000000000000092_0,0.50753766,Water,"{""geodesic"":false,""type"":""Point"",""coordinates"":[84.90691910864473,19.269446749298414]}"
00000000000000000093_0,0.71058315,Water,"{""geodesic"":false,""type"":""Point"",""coordinates"":[84.73264594352554,19.188598373727658]}"
00000000000000000094_0,0.6108422,Water,"{""geodesic"":false,""type"":""Point"",""coordinates"":[84.75510382562852,19.09867701378729]}"
00000000000000000096_0,0.7943396,Water,"{""geodesic"":false,""type"":""Point"",""coordinates"":[84.7323764489403,19.093107459025752]}"
00000000000000000098_0,0.5055118,Water,"{""geodesic"":false,""type"":""Point"",""coordinates"":[84.77037518545856,19.086280262866442]}"
0000000000000000009a_0,0.4525862,Water,"{""geodesic"":false,""type"":""Point"",""coordinates"":[84.86227283902399,19.291994462929814]}"
0000000000000000009b_0,0.6949942,Water,"{""geodesic"":false,""type"":""Point"",""coordinates"":[84.82265713499432,19.226237784132266]}"
0000000000000000009d_0,0.12280701,Water,"{""geodesic"":false,""type"":""Point"",""coordinates"":[84.8075654382211,19.366464799983323]}"
0000000000000000009e_0,0.7030303,Water,"{""geodesic"":false,""type"":""Point"",""coordinates"":[84.76193102178783,19.105324546889776]}"
000000000000000000a1_0,0.49875107,Water,"{""geodesic"":false,""type"":""Point"",""coordinates"":[84.82220797735225,19.419106075632726]}"
000000000000000000a2_0,0.21072793,Water,"{""geodesic"":false,""type"":""Point"",""coordinates"":[84.74692915654303,19.264865341349402]}"
000000000000000000a5_0,0.22359395,Water,"{""geodesic"":false,""type"":""Point"",""coordinates"":[84.77980749594181,19.319123584510223]}"
000000000000000000a7_0,0.47725162,Water,"{""geodesic"":false,""type"":""Point"",""coordinates"":[84.79355171978884,19.147455533714982]}"
000000000000000000a8_0,0.8052498,Water,"{""geodesic"":false,""type"":""Point"",""coordinates"":[84.72923234544588,19.050347651501664]}"
000000000000000000a9_0,0.30108422,Water,"{""geodesic"":false,""type"":""Point"",""coordinates"":[84.74674949348622,19.258936460474214]}"
000000000000000000aa_0,0.4022617,Water,"{""geodesic"":false,""type"":""Point"",""coordinates"":[84.82885551045474,19.2325259911211]}"
000000000000000000ac_0,0.8139145,Water,"{""geodesic"":false,""type"":""Point"",""coordinates"":[84.72456110596846,19.109905954838787]}"
000000000000000000ad_0,0.7737003,Water,"{""geodesic"":false,""type"":""Point"",""coordinates"":[84.75501399410011,19.09625156252017]}"
000000000000000000ae_0,0.10593898,Water,"{""geodesic"":false,""type"":""Point"",""coordinates"":[84.7038100229053,19.07612930015589]}"
000000000000000000b0_0,0.8064516,Water,"{""geodesic"":false,""type"":""Point"",""coordinates"":[84.7427969062361,19.09535324723605]}"
000000000000000000b1_0,0.7750258,Water,"{""geodesic"":false,""type"":""Point"",""coordinates"":[84.75761910842407,19.105144883832953]}"
