TransectID,change_2013_2014,change_2014_2015,change_2015_2016,change_2016_2017,change_2017_2018,change_2018_2019,change_2019_2020,change_2020_2021,change_2021_2022,change_2022_2023,change_2023_2024
0,-120.0,-360.0,480.0,-160.0,0.0,170.0,-170.0,,,130.0,-20.0
1,-90.0,90.0,,,,100.0,0.0,,,,
2,0.0,0.0,,,,-20.0,-80.0,,,,
3,-60.0,30.0,0.0,-40.0,100.0,-20.0,-190.0,30.0,,,-80.0
4,330.0,0.0,-180.0,0.0,-170.0,350.0,-70.0,-40.0,,,
5,0.0,,,-200.0,-40.0,360.0,-90.0,-260.0,,,0.0
6,,-244.07,78.78999999999999,0.0,,,301.19,-61.70999999999998,,,
7,0.0,0.0,-40.89,-82.53,123.42,15.429999999999993,-16.929999999999993,-157.57999999999998,,,-91.93
8,60.0,-60.0,,,,40.0,-20.0,,,,
9,0.0,0.0,0.0,-50.0,50.0,10.0,0.0,0.0,-60.0,60.0,0.0
10,0.0,0.0,0.0,-40.0,56.260000000000005,3.7399999999999984,-80.0,80.0,-60.0,52.97,7.029999999999999
11,0.0,0.0,0.0,-80.0,-10.0,0.0,0.0,0.0,10.0,0.0,-10.0
12,-30.0,,,,,,,,,,
13,-20.8,0.0,20.8,-20.0,0.0,0.0,20.0,0.0,0.0,-20.0,0.0
14,0.0,0.0,0.0,0.0,0.0,0.0,0.0,0.0,0.0,0.0,0.0
15,0.0,0.0,0.0,0.0,0.0,0.0,-100.0,100.0,-100.0,100.0,0.0
16,0.0,0.0,0.0,-90.0,90.0,0.0,-130.0,130.0,0.0,0.0,0.0
17,-150.0,0.0,0.0,20.0,-20.0,0.0,150.0,-150.0,150.0,-150.0,0.0
18,0.0,0.0,210.0,0.0,-180.0,-10.0,190.0,0.0,-190.0,190.0,-190.0
19,0.0,0.0,0.0,0.0,0.0,0.0,-230.0,230.0,0.0,0.0,0.0
20,30.0,0.0,30.0,210.0,-230.0,0.0,230.0,0.0,0.0,-230.0,0.0
21,0.0,30.0,0.0,20.0,-10.0,0.0,-20.0,0.0,0.0,280.0,0.0
22,0.0,0.0,-270.0,270.0,-270.0,0.0,-20.0,290.0,0.0,-270.0,0.0
23,0.0,0.0,0.0,0.0,-300.0,300.0,0.0,0.0,0.0,0.0,0.0
24,0.0,0.0,0.0,0.0,0.0,0.0,0.0,0.0,0.0,0.0,0.0
25,0.0,0.0,0.0,30.0,0.0,330.0,-350.0,0.0,0.0,350.0,0.0
26,0.0,-370.0,-30.0,40.0,-10.0,-10.0,10.0,-10.0,0.0,10.0,0.0
27,0.0,0.0,0.0,-420.0,0.0,420.0,0.0,0.0,0.0,-420.0,420.0
28,0.0,0.0,0.0,0.0,0.0,0.0,0.0,0.0,0.0,0.0,0.0
29,0.0,0.0,0.0,0.0,0.0,0.0,0.0,0.0,0.0,0.0,0.0
30,0.0,0.0,0.0,0.0,0.0,0.0,0.0,0.0,0.0,0.0,0.0
31,0.0,,,,,,,,,,
32,0.0,0.0,0.0,0.0,0.0,0.0,0.0,,,,
33,0.0,0.0,0.0,,,0.0,0.0,0.0,0.0,0.0,0.0
34,,,,,0.0,,,,,0.0,
35,0.0,0.0,0.0,0.0,0.0,0.0,0.0,0.0,0.0,0.0,
36,0.0,0.0,0.0,0.0,0.0,0.0,0.0,0.0,0.0,0.0,0.0
37,,,,,0.0,0.0,,,,,0.0
38,0.0,0.0,0.0,,,,0.0,0.0,0.0,0.0,
39,0.0,0.0,0.0,-0.0,0.0,0.0,0.0,-470.0,0.0,0.0,470.0
40,0.0,0.0,0.0,-0.0,0.0,0.0,0.0,0.0,0.0,0.0,-0.0
41,0.0,0.0,0.0,-20.0,0.0,0.0,0.0,20.0,0.0,0.0,-20.0
42,,0.0,-30.0,20.0,0.0,20.0,0.0,0.0,0.0,0.0,-20.0
43,0.0,-260.0,0.0,0.0,0.0,0.0,0.0,240.0,-240.0,0.0,0.0
44,-30.0,0.0,0.0,0.0,10.0,0.0,20.0,-380.0,380.0,-20.0,0.0
45,,,,-20.0,0.0,0.0,20.0,-20.0,20.0,0.0,-20.0
46,0.0,0.0,0.0,-40.0,,,,,,,
47,0.0,0.0,0.0,-10.0,10.0,0.0,10.0,-9.95,0.0,0.0,0.0
48,0.0,0.0,-30.0,10.0,0.0,10.0,10.0,-10.0,0.0,0.0,0.0
49,,,,,,,,,,,
50,0.0,0.0,0.0,479.99,0.01,-480.0,0.0,0.0,0.0,480.0,-480.0
51,0.0,0.0,450.0,10.0,0.0,20.0,0.0,0.0,0.0,-20.0,20.0
52,0.0,0.0,-30.0,-10.0,20.0,0.0,0.0,0.0,10.0,-30.0,20.0
53,-420.0,0.0,0.0,420.0,0.0,10.0,0.0,0.0,0.0,-10.0,10.0
54,0.0,0.0,0.0,390.0,0.0,0.0,20.0,-410.0,410.0,-20.0,-390.0
55,0.0,0.0,380.0,-380.0,0.0,0.0,400.0,-400.0,400.0,-400.0,0.0
56,-30.0,0.0,0.0,-30.0,0.0,10.0,-400.0,410.0,-410.0,400.0,0.0
57,0.0,0.0,350.0,-350.0,0.0,0.0,350.0,-350.0,350.0,-350.0,0.0
58,-30.0,0.0,0.0,-20.0,-300.0,0.0,330.0,0.0,0.0,-330.0,0.0
59,-30.0,0.0,-30.0,-10.0,20.0,0.0,0.0,0.0,0.0,0.0,0.0
60,-30.0,0.0,0.0,-260.0,0.0,260.0,20.0,0.0,0.0,-20.0,0.0
61,0.0,0.0,230.0,-10.0,20.0,0.0,20.0,0.0,0.0,-20.0,0.0
62,230.0,0.0,0.0,-230.0,230.0,0.0,0.0,0.0,0.0,0.0,0.0
63,0.0,0.0,210.0,-210.0,0.0,0.0,230.0,-230.0,220.0,-220.0,0.0
64,-30.0,0.0,0.0,-10.0,0.0,0.0,20.0,0.0,0.0,-20.0,0.0
65,0.0,0.0,-30.0,-10.0,0.0,20.0,0.0,0.0,0.0,-20.0,0.0
66,0.0,0.0,0.0,-110.0,110.0,20.0,0.0,0.0,0.0,-20.0,0.0
67,-30.0,0.0,0.0,-30.0,20.0,0.0,-60.0,0.0,0.0,60.0,0.0
68,0.0,0.0,0.0,0.0,0.0,0.0,60.0,-60.0,60.0,-60.0,0.0
69,-40.0,0.0,10.0,0.0,0.0,0.0,20.0,0.0,0.0,-20.0,0.0
70,0.0,0.0,,,,,,0.0,10.0,,
71,,,,,,,,,,,
72,,,,,,,,,,,
73,,,,,,,,,,,
74,,,,,,,,,,,
75,0.0,,,-160.0,80.0,,,-300.0,840.0,-440.0,220.0
76,-300.0,210.0,-210.0,-70.0,-40.0,0.0,340.0,-220.0,0.0,-20.0,340.0
77,210.0,-210.0,150.0,60.0,0.0,-360.0,0.0,20.0,360.0,-60.0,-320.0
78,-0.0,-30.0,0.0,-170.0,200.0,20.0,-20.0,-450.0,470.0,-280.0,280.0
79,,,0.0,-20.0,-300.0,360.0,-20.0,-340.0,360.0,-20.0,0.0
80,0.0,-270.0,270.0,-200.0,160.0,70.0,-320.0,0.0,0.0,10.0,270.0
81,0.0,0.0,0.0,-117.62,117.62,0.0,0.0,0.0,20.0,-20.0,20.0
82,360.0,-330.0,0.0,300.0,0.0,20.0,-20.0,0.0,-420.0,-60.0,30.0
83,0.0,450.0,-450.0,,,,,,0.0,440.0,-440.0
84,0.0,-80.0,80.0,,,,0.0,,,,
85,40.0,,,,,,,,,,
86,0.0,,,,,,,,,,
87,0.0,0.0,0.0,-390.0,0.0,0.0,0.0,0.0,0.0,0.0,0.0
88,-120.0,120.0,0.0,-0.0,-70.0,70.0,0.0,0.0,0.0,0.0,0.0
89,0.0,-0.0,0.0,-110.0,120.0,-160.0,160.0,0.0,0.0,-10.0,10.0
90,-0.0,0.0,0.0,-0.0,-290.0,310.0,-20.0,0.0,0.0,0.0,10.0
91,360.0,-30.0,-300.0,320.0,-280.0,,,20.0,-470.0,,
92,,,,,20.0,-340.0,340.0,,,,0.0
93,,-30.0,0.0,-340.0,,,,,,,220.0
94,390.0,-30.0,30.0,-10.0,20.0,0.0,0.0,-20.0,0.0,0.0,20.0
95,,,,,,,,,,,
96,300.0,-300.0,150.0,-80.0,190.0,30.0,-520.0,480.0,40.0,-490.0,490.0
97,-210.0,-30.0,240.0,-260.0,-40.0,-20.0,0.0,370.0,0.0,-350.0,-20.0
98,-60.0,-150.0,210.0,-220.0,220.0,0.0,-60.0,-100.0,160.0,-60.0,-40.0
99,300.0,0.0,0.0,-320.0,320.0,-320.0,360.0,-20.0,20.0,-220.0,200.0
100,0.0,240.0,-120.0,120.0,100.0,-340.0,380.0,-280.0,0.0,140.0,-260.0
101,-420.0,330.0,0.0,10.0,-340.0,450.0,-10.0,0.0,0.0,-30.0,-410.0
102,0.0,298.88,-811.04,472.76,472.76,-604.08,515.88,-226.97000000000003,65.66,223.03,0.0
103,,270.0,-180.0,,,,,,,,60.0
104,-90.0,0.0,90.0,0.0,-400.0,420.0,-110.0,-10.0,120.0,280.0,-390.0
105,0.0,180.0,-120.0,,,,,,,60.0,
106,90.0,0.0,0.0,-10.0,-480.0,110.0,320.0,,,,
107,-420.0,180.0,0.0,650.0,-500.0,,,,-160.0,,
108,90.0,-90.0,0.0,,,,,,,,
109,,,,,,,,,,,
110,0.0,30.0,-30.0,,,,,,,,
111,,,,,,,,,,,
112,,,,,,,,,,,
113,-9.149999999999999,,,,,,,,,,
114,-38.629999999999995,,,,,,,,,,
115,,,,,,,,,,,
116,,,,,,,,,,,
117,0.0,,,,,,,,,,
118,,,,,,,,,,,
119,,,,,,,,,,,
120,,,,,,,-47.16,30.0,-10.0,,
121,,,,,,,,,,,
122,,,,,,,-300.0,300.0,0.0,,
123,-150.0,,,130.0,,,0.0,-220.0,220.0,0.0,-140.0
124,,,,,,,,,120.0,-60.0,-20.0
125,,,,,,,,,400.0,,
126,120.0,,,40.0,,,-200.0,0.0,180.0,-40.0,0.0
127,300.0,,,,,,0.0,0.0,,,-10.0
128,0.0,0.0,-60.0,80.0,-30.0,20.0,0.0,0.0,20.0,-40.0,0.0
129,,-30.0,,,,100.0,,,,,
130,60.0,0.0,300.0,-210.0,0.0,0.0,-20.0,20.0,,,
131,-90.0,-390.0,390.0,-80.0,-320.0,-80.0,400.0,-280.0,420.0,-120.0,-20.0
132,30.0,,,,,,,20.0,,,
133,0.0,-270.0,-30.0,40.0,0.0,,,0.0,,,
134,-90.0,90.0,0.0,0.0,0.0,0.0,0.0,-70.0,70.0,0.0,0.0
135,240.0,-180.0,120.0,,,,,,,,
136,0.0,-30.0,0.0,-30.0,-20.0,-20.0,40.0,0.0,0.0,-20.0,0.0
137,150.0,0.0,0.0,-0.0,-10.0,,,,,-170.0,170.0
138,90.0,,,,,,-20.0,-90.0,90.0,,
139,,,,,,,40.0,-220.0,220.0,,
140,,,,,,,,,,,
141,,,,,,,,,,,
142,0.0,0.0,,,,,390.0,-410.0,30.0,,
143,180.0,,,,,,-140.0,100.0,50.0,,
144,,,,,,,,,60.0,,
145,,,,,,,,,,,
146,-60.0,,,,,,-20.0,140.0,-140.0,,
147,0.0,0.0,,,,,0.0,0.0,,,
148,0.0,0.0,0.0,,,0.0,,,,,
149,,,,,,,,,,,
150,0.0,,,,,,,,,,
151,0.0,0.0,0.0,-0.0,0.0,-0.0,0.0,20.0,-20.0,,
152,,,,,,,,,,,
153,0.0,0.0,120.0,10.0,0.0,0.0,0.0,0.0,-110.0,,
154,150.0,0.0,0.0,10.0,-40.0,-100.0,0.0,-50.0,,,
155,0.0,0.0,-30.0,-40.0,-20.0,10.0,10.0,20.0,,,
156,0.0,,,,,,,,,,
157,120.0,,,-130.0,120.0,-120.0,,,-20.0,-30.0,
158,-30.0,,,130.0,0.0,-130.0,,,10.0,,
159,0.0,,,80.0,-10.0,-290.0,200.0,-180.0,80.0,140.0,
160,0.0,,,,80.0,0.0,,,0.0,,
161,150.0,,,44.62,-174.62,180.0,-20.0,0.0,-20.0,-20.0,-20.0
162,-0.0,,,,,,,,,16.189999999999998,
163,0.0,,,,,,,,,,
164,0.0,,,,,,,,,,
165,0.0,0.0,-30.0,30.0,20.0,-20.0,20.0,0.0,0.0,0.0,0.0
166,101.49,-131.49,0.0,20.0,116.2,-0.5099999999999998,0.7099999999999991,0.0,0.0,0.0,-76.4
167,0.0,30.0,0.0,-30.0,0.0,0.0,0.0,0.0,0.0,0.0,0.0
168,30.0,-0.0,0.0,0.0,0.0,0.0,0.0,20.0,-10.0,-10.0,-60.0
169,,,,,100.0,-220.0,20.0,-60.0,40.0,-40.0,
170,-60.0,-150.0,0.0,-110.0,260.0,-51.79,-168.21,180.0,30.0,-120.0,-10.0
171,,,,,,,,-170.0,,,
172,,,,,,,,,,,
173,-90.0,,,,,,,,,,
174,-300.0,,,,,10.0,0.0,320.0,-340.0,,
175,,,,,,,,,,,
176,,60.0,240.0,-220.0,180.0,0.0,,,,,220.0
177,-210.0,0.0,360.0,20.0,-220.0,40.0,20.0,-20.0,0.0,200.0,-180.0
178,-30.0,-90.0,0.0,40.0,130.0,10.0,0.0,-140.0,-160.0,160.0,-160.0
179,-60.0,210.0,0.0,-80.0,120.0,0.0,-220.0,-120.0,30.0,90.0,0.0
180,,,,,,,,,,,
181,120.0,,,,,60.0,90.0,-60.0,-30.0,,
182,,,,,,,,,,,
183,0.0,,,,,,0.0,,,,0.0
184,30.0,-300.0,150.0,10.0,130.0,-300.0,320.0,0.0,-10.0,-80.0,-230.0
185,0.0,90.0,30.0,-160.0,0.0,40.0,180.0,-180.0,180.0,-180.0,40.0
186,-30.0,30.0,-30.0,,,190.0,-330.0,160.0,140.0,-160.0,0.0
187,330.0,-270.0,300.0,-110.0,-240.0,380.0,130.0,-150.0,-10.0,-310.0,260.0
188,-60.0,,,,-220.0,240.0,60.0,-60.0,-330.0,210.0,-100.0
189,-210.0,-90.0,,,-40.0,60.0,100.0,40.0,-140.0,-160.0,-80.0
190,-340.0,,,,150.0,110.97,0.0,0.0,9.030000000000001,-50.0,
191,-210.0,,,,,-20.0,20.0,440.0,-440.0,130.0,
192,-420.0,,,,,-130.0,240.0,80.0,-320.0,160.0,
193,-150.0,0.0,,,,210.0,0.0,0.0,-350.0,300.0,
194,-180.0,-310.0,100.0,-100.0,290.0,40.0,0.0,0.0,0.0,-40.0,-290.0
195,-60.0,0.0,,,30.0,0.0,-230.0,270.0,-40.0,-20.0,0.0
196,-90.0,0.0,0.0,-180.0,180.0,40.0,-20.0,40.0,-60.0,0.0,-180.0
197,0.0,0.0,0.0,-240.0,0.0,0.0,0.0,0.0,0.0,0.0,0.0
198,110.0,,,,18.78,-80.0,56.81,3.900000000000002,-3.900000000000002,23.19,-23.19
199,,,,,,0.0,,,-20.0,,
200,,,,,,,,,,,
201,,,,,,,,,,,
202,,,,,,,,,,,
203,,,,,,,,,,,
204,,,,,,,,,,,
205,,,,,,,,,,,
206,,,,,,0.0,,,,,
207,,,,,0.0,30.0,-30.0,30.0,0.0,,
208,0.0,0.0,0.0,0.0,0.0,0.0,0.0,0.0,0.0,-120.0,10.0
209,220.0,0.0,-160.0,160.0,0.0,0.0,-190.0,-20.0,210.0,-150.0,0.0
210,0.0,-280.0,280.0,0.0,-270.0,270.0,0.0,0.0,0.0,0.0,0.0
211,0.0,0.0,,,0.0,0.0,0.0,0.0,0.0,0.0,0.0
212,100.0,-40.0,,,,0.0,-350.0,-120.0,470.0,0.0,
213,-190.0,,,,290.0,-340.0,340.0,0.0,-350.0,240.0,
214,-30.0,,,,60.0,180.0,0.0,0.0,0.0,-50.0,-50.0
215,-60.0,,,,,20.0,-20.0,,,-60.0,
216,-210.0,90.0,,,250.0,10.0,-20.0,-370.0,390.0,-60.0,0.0
217,-150.0,90.0,-180.0,,,,,,,20.0,100.0
218,120.0,-240.0,0.0,250.0,0.0,-220.0,370.0,60.0,-70.0,-160.0,-200.0
219,330.0,-360.0,360.0,-140.0,120.0,-60.0,180.0,20.0,-200.0,60.0,110.0
220,-261.15999999999997,60.0,,,-40.0,-150.0,230.0,0.0,0.0,0.0,-40.0
221,0.0,-210.0,,,,240.0,-90.0,-90.0,70.0,-190.0,40.0
222,-270.0,210.0,0.0,10.0,-180.0,180.0,0.0,100.0,-280.0,-40.0,220.0
223,-180.0,270.0,-240.0,-30.0,200.0,0.0,0.0,0.0,0.0,0.0,0.0
224,-360.0,450.0,60.0,0.0,-540.0,560.0,-240.0,-360.0,490.0,90.0,-270.0
225,0.0,,,,,0.0,0.0,-390.0,390.0,-160.0,
226,0.0,0.0,-180.0,100.0,90.0,0.0,20.0,20.0,-40.0,0.0,-100.0
227,-21.689999999999998,,,,,0.0,0.0,-391.69,180.0,50.0,
228,-300.0,,,,,120.0,20.0,40.0,-100.0,-40.0,
229,0.0,0.0,,,,0.0,-234.37,-35.63,270.0,0.0,0.0
230,-270.0,,,,,180.0,100.0,-390.0,260.0,-100.0,-30.0
231,,,,,,,,,0.0,0.0,0.0
232,,,,,,,,,,,
233,,,,,,,,,0.0,0.0,0.0
234,0.0,,,,,0.0,,,,,
235,0.0,0.0,0.0,,,,,,,,
236,0.0,-0.0,0.0,,,0.0,-30.0,30.0,0.0,,
237,,,,,,,,,,,
238,,,,,,,,,,,
239,,,,,,,,,,,
240,,,,,,,,,,,
241,,,,,,,,,,,
242,0.0,0.0,0.0,10.0,,,0.0,0.0,0.0,,
243,,,,,,,,,,,
244,0.0,0.0,0.0,-10.0,,,0.0,-60.0,0.0,,
245,0.0,0.0,0.0,20.0,,,0.0,20.0,-100.0,,
246,,,,,,,,,,,
247,,,,,,,,,,,
248,,,,,,,,,,,
249,,,,,,,,,,,
250,,,,,,,,,,,
251,,,,,,,,,,,
252,,,,,,,,,,,
253,,,,,,,,,,,
254,,,,,,,,,,,
255,,,,,,,,,,,
256,,,,,,,,,,,
257,,,,,,,,,,,
258,,,,,,,,,,,
259,,,,,,,,,,,
260,,,,,,,,,,,
261,-60.0,38.29,-38.29,10.0,10.77,89.23,-89.23,,,-100.0,0.0
262,30.0,-30.0,0.0,100.0,0.0,0.0,0.0,0.0,0.0,0.0,0.0
263,0.0,0.0,0.0,-10.0,0.0,40.0,-40.0,60.0,-40.0,0.0,0.0
264,,,,,,0.0,0.0,0.0,0.0,0.0,0.0
265,,,,,,0.0,0.0,0.0,0.0,-0.0,0.0
