TransectID,dist_2013,dist_2014,dist_2015,dist_2016,dist_2017,dist_2018,dist_2019,dist_2020,dist_2021,dist_2022,dist_2023,dist_2024
0,450.0,330.0,-30.0,450.0,290.0,290.0,460.0,290.0,,330.0,460.0,440.0
1,0.0,-90.0,0.0,,,-110.0,-10.0,-10.0,,,,
2,0.0,0.0,0.0,,,20.0,0.0,-80.0,,,,
3,0.0,-60.0,-30.0,-30.0,-70.0,30.0,10.0,-180.0,-150.0,,10.0,-70.0
4,-330.0,0.0,0.0,-180.0,-180.0,-350.0,0.0,-70.0,-110.0,,-300.0,
5,90.0,90.0,,-30.0,-230.0,-270.0,90.0,0.0,-260.0,,-280.0,-280.0
6,,168.91,-75.16,3.63,3.63,,-101.43,199.76,138.05,,,138.05
7,60.34,60.34,60.34,19.45,-63.08,60.34,75.77,58.84,-98.74,,19.45,-72.48
8,0.0,60.0,-0.0,,,40.0,80.0,60.0,,,,
9,0.0,0.0,0.0,0.0,-50.0,0.0,10.0,10.0,10.0,-50.0,10.0,10.0
10,0.0,0.0,0.0,0.0,-40.0,16.26,20.0,-60.0,20.0,-40.0,12.97,20.0
11,0.0,0.0,0.0,0.0,-80.0,-90.0,-90.0,-90.0,-90.0,-80.0,-80.0,-90.0
12,0.0,-30.0,,,,,,,0.0,,,
13,0.0,-20.8,-20.8,0.0,-20.0,-20.0,-20.0,0.0,0.0,0.0,-20.0,-20.0
14,-0.0,-0.0,-0.0,-0.0,-0.0,-0.0,-0.0,-0.0,-0.0,-0.0,-0.0,-0.0
15,-0.0,-0.0,-0.0,-0.0,-0.0,-0.0,-0.0,-100.0,-0.0,-100.0,-0.0,-0.0
16,-0.0,-0.0,-0.0,-0.0,-90.0,-0.0,-0.0,-130.0,-0.0,-0.0,-0.0,-0.0
17,0.0,-150.0,-150.0,-150.0,-130.0,-150.0,-150.0,0.0,-150.0,0.0,-150.0,-150.0
18,-210.0,-210.0,-210.0,0.0,0.0,-180.0,-190.0,0.0,0.0,-190.0,0.0,-190.0
19,0.0,0.0,0.0,0.0,0.0,0.0,0.0,-230.0,0.0,0.0,0.0,0.0
20,-270.0,-240.0,-240.0,-210.0,-0.0,-230.0,-230.0,-0.0,-0.0,-0.0,-230.0,-230.0
21,-300.0,-300.0,-270.0,-270.0,-250.0,-260.0,-260.0,-280.0,-280.0,-280.0,0.0,0.0
22,-0.0,-0.0,-0.0,-270.0,-0.0,-270.0,-270.0,-290.0,-0.0,-0.0,-270.0,-270.0
23,-0.0,-0.0,-0.0,-0.0,-0.0,-300.0,-0.0,-0.0,-0.0,-0.0,-0.0,-0.0
24,-0.0,-0.0,-0.0,-0.0,-0.0,-0.0,-0.0,-0.0,-0.0,-0.0,-0.0,-0.0
25,-360.0,-360.0,-360.0,-360.0,-330.0,-330.0,-0.0,-350.0,-350.0,-350.0,-0.0,-0.0
26,-0.0,-0.0,-370.0,-400.0,-360.0,-370.0,-380.0,-370.0,-380.0,-380.0,-370.0,-370.0
27,0.0,0.0,0.0,0.0,-420.0,-420.0,0.0,0.0,0.0,0.0,-420.0,0.0
28,0.0,0.0,0.0,0.0,0.0,0.0,0.0,0.0,0.0,0.0,0.0,0.0
29,0.0,0.0,0.0,0.0,0.0,0.0,0.0,0.0,0.0,0.0,0.0,0.0
30,0.0,0.0,0.0,0.0,0.0,0.0,0.0,0.0,0.0,0.0,0.0,0.0
31,-490.0,-490.0,,-490.0,,,,,,,,
32,-0.0,-0.0,-0.0,-0.0,-0.0,-0.0,-0.0,-0.0,,-0.0,,
33,0.0,0.0,0.0,0.0,,0.0,0.0,0.0,0.0,0.0,0.0,0.0
34,,,,,-0.0,-0.0,,,,-0.0,-0.0,
35,-0.0,-0.0,-0.0,-0.0,-0.0,-0.0,-0.0,-0.0,-0.0,-0.0,-0.0,
36,-0.0,-0.0,-0.0,-0.0,-0.0,-0.0,-0.0,-0.0,-0.0,-0.0,-0.0,-0.0
37,,,,,-0.0,-0.0,-0.0,,-0.0,,-0.0,-0.0
38,0.0,0.0,0.0,0.0,,,0.0,0.0,0.0,0.0,0.0,
39,0.0,0.0,0.0,0.0,-0.0,-0.0,-0.0,-0.0,-470.0,-470.0,-470.0,-0.0
40,0.0,0.0,0.0,0.0,-0.0,-0.0,-0.0,-0.0,0.0,0.0,0.0,-0.0
41,-0.0,-0.0,-0.0,-0.0,-20.0,-20.0,-20.0,-20.0,-0.0,-0.0,-0.0,-20.0
42,,30.0,30.0,-0.0,20.0,20.0,40.0,40.0,40.0,40.0,40.0,20.0
43,0.0,0.0,-260.0,-260.0,-260.0,-260.0,-260.0,-260.0,-20.0,-260.0,-260.0,-260.0
44,0.0,-30.0,-30.0,-30.0,-30.0,-20.0,-20.0,-0.0,-380.0,-0.0,-20.0,-20.0
45,,,,0.0,-20.0,-20.0,-20.0,0.0,-20.0,0.0,0.0,-20.0
46,0.0,0.0,0.0,0.0,-40.0,,,-0.0,,,-0.0,
47,0.0,0.0,0.0,0.0,-10.0,-0.0,-0.0,10.0,0.05,0.05,0.05,0.05
48,0.0,0.0,0.0,-30.0,-20.0,-20.0,-10.0,0.0,-10.0,-10.0,-10.0,-10.0
49,,,,0.0,,,,10.0,,20.0,,
50,-480.0,-480.0,-480.0,-480.0,-0.01,-0.0,-480.0,-480.0,-480.0,-480.0,-0.0,-480.0
51,-480.0,-480.0,-480.0,-30.0,-20.0,-20.0,-0.0,-0.0,-0.0,-0.0,-20.0,-0.0
52,0.0,0.0,0.0,-30.0,-40.0,-20.0,-20.0,-20.0,-20.0,-10.0,-40.0,-20.0
53,-0.0,-420.0,-420.0,-420.0,-0.0,-0.0,10.0,10.0,10.0,10.0,-0.0,10.0
54,-410.0,-410.0,-410.0,-410.0,-20.0,-20.0,-20.0,0.0,-410.0,0.0,-20.0,-410.0
55,-410.0,-410.0,-410.0,-30.0,-410.0,-410.0,-410.0,-10.0,-410.0,-10.0,-410.0,-410.0
56,0.0,-30.0,-30.0,-30.0,-60.0,-60.0,-50.0,-450.0,-40.0,-450.0,-50.0,-50.0
57,-350.0,-350.0,-350.0,0.0,-350.0,-350.0,-350.0,-0.0,-350.0,-0.0,-350.0,-350.0
58,0.0,-30.0,-30.0,-30.0,-50.0,-350.0,-350.0,-20.0,-20.0,-20.0,-350.0,-350.0
59,-0.0,-30.0,-30.0,-60.0,-70.0,-50.0,-50.0,-50.0,-50.0,-50.0,-50.0,-50.0
60,0.0,-30.0,-30.0,-30.0,-290.0,-290.0,-30.0,-10.0,-10.0,-10.0,-30.0,-30.0
61,-290.0,-290.0,-290.0,-60.0,-70.0,-50.0,-50.0,-30.0,-30.0,-30.0,-50.0,-50.0
62,-230.0,-0.0,-0.0,-0.0,-230.0,-0.0,-0.0,-0.0,-0.0,-0.0,-0.0,-0.0
63,-240.0,-240.0,-240.0,-30.0,-240.0,-240.0,-240.0,-10.0,-240.0,-20.0,-240.0,-240.0
64,0.0,-30.0,-30.0,-30.0,-40.0,-40.0,-40.0,-20.0,-20.0,-20.0,-40.0,-40.0
65,-0.0,-0.0,-0.0,-30.0,-40.0,-40.0,-20.0,-20.0,-20.0,-20.0,-40.0,-40.0
66,0.0,0.0,0.0,0.0,-110.0,0.0,20.0,20.0,20.0,20.0,0.0,0.0
67,0.0,-30.0,-30.0,-30.0,-60.0,-40.0,-40.0,-100.0,-100.0,-100.0,-40.0,-40.0
68,-50.0,-50.0,-50.0,-50.0,-50.0,-50.0,-50.0,10.0,-50.0,10.0,-50.0,-50.0
69,0.0,-40.0,-40.0,-30.0,-30.0,-30.0,-30.0,-10.0,-10.0,-10.0,-30.0,-30.0
70,10.0,10.0,10.0,,,,,0.0,0.0,10.0,,
71,-30.0,,-30.0,,,,,,,,,
72,-10.0,,,,,,,,,,,
73,0.0,,,,,,,,,,,
74,-40.0,,,,,,,,,,,
75,30.0,30.0,,90.0,-70.0,10.0,,-170.0,-470.0,370.0,-70.0,150.0
76,0.0,-300.0,-90.0,-300.0,-370.0,-410.0,-410.0,-70.0,-290.0,-290.0,-310.0,30.0
77,-210.0,0.0,-210.0,-60.0,0.0,0.0,-360.0,-360.0,-340.0,20.0,-40.0,-360.0
78,0.0,-0.0,-30.0,-30.0,-200.0,0.0,20.0,0.0,-450.0,20.0,-260.0,20.0
79,0.0,,-0.0,0.0,-20.0,-320.0,40.0,20.0,-320.0,40.0,20.0,20.0
80,0.0,0.0,-270.0,0.0,-200.0,-40.0,30.0,-290.0,-290.0,-290.0,-280.0,-10.0
81,0.0,0.0,0.0,0.0,-117.62,-0.0,-0.0,-0.0,-0.0,20.0,0.0,20.0
82,120.0,480.0,150.0,150.0,450.0,450.0,470.0,450.0,450.0,30.0,-30.0,-0.0
83,0.0,0.0,450.0,0.0,,,420.0,,0.0,0.0,440.0,0.0
84,-0.0,-0.0,-80.0,-0.0,,,-80.0,-80.0,,-70.0,,-70.0
85,-40.0,0.0,,,,,-20.0,,,,,
86,-70.0,-70.0,,,,,,,,,,
87,-70.0,-70.0,-70.0,-70.0,-460.0,-460.0,-460.0,-460.0,-460.0,-460.0,-460.0,-460.0
88,0.0,-120.0,0.0,0.0,-0.0,-70.0,-0.0,-0.0,-0.0,-0.0,-0.0,-0.0
89,0.0,0.0,-0.0,0.0,-110.0,10.0,-150.0,10.0,10.0,10.0,-0.0,10.0
90,0.0,-0.0,0.0,0.0,-0.0,-290.0,20.0,-0.0,-0.0,-0.0,-0.0,10.0
91,-360.0,0.0,-30.0,-330.0,-10.0,-290.0,,-10.0,10.0,-460.0,,-330.0
92,,,,,-20.0,-0.0,-340.0,-0.0,,,-0.0,-0.0
93,,0.0,-30.0,-30.0,-370.0,,30.0,,10.0,,-210.0,10.0
94,-390.0,-0.0,-30.0,0.0,-10.0,10.0,10.0,10.0,-10.0,-10.0,-10.0,10.0
95,330.0,,,,,,,,,,-20.0,
96,0.0,300.0,-0.0,150.0,70.0,260.0,290.0,-230.0,250.0,290.0,-200.0,290.0
97,90.0,-120.0,-150.0,90.0,-170.0,-210.0,-230.0,-230.0,140.0,140.0,-210.0,-230.0
98,300.0,240.0,90.0,300.0,80.0,300.0,300.0,240.0,140.0,300.0,240.0,200.0
99,0.0,300.0,300.0,300.0,-20.0,300.0,-20.0,340.0,320.0,340.0,120.0,320.0
100,-360.0,-360.0,-120.0,-240.0,-120.0,-20.0,-360.0,20.0,-260.0,-260.0,-120.0,-380.0
101,0.0,-420.0,-90.0,-90.0,-80.0,-420.0,30.0,20.0,20.0,20.0,-10.0,-420.0
102,30.07,30.07,328.95,-482.09,-9.33,463.43,-140.65,375.23,148.26,213.92,436.95,436.95
103,,-90.0,180.0,0.0,,-90.0,,,430.0,,110.0,170.0
104,0.0,-90.0,-90.0,-0.0,0.0,-400.0,20.0,-90.0,-100.0,20.0,300.0,-90.0
105,-360.0,-360.0,-180.0,-300.0,,-310.0,,,,-90.0,-30.0,
106,-60.0,30.0,30.0,30.0,20.0,-460.0,-350.0,-30.0,,50.0,,30.0
107,0.0,-420.0,-240.0,-240.0,410.0,-90.0,,,-250.0,-410.0,,-90.0
108,-90.0,-0.0,-90.0,-90.0,,,,,,,,
109,-300.0,,,,,,,,,,,
110,-150.0,-150.0,-120.0,-150.0,,,,,,,,
111,0.0,,,,,,,,,,,
112,0.0,,,,,,,,,,,
113,-30.0,-39.15,,,,,,,,,,
114,68.63,30.0,,,,,,,,,,
115,,,,,,,,,,,,
116,0.0,,,,,,,,,,,
117,0.0,0.0,,,,,,,,,,
118,0.0,,,,,,,,,,,
119,,,,,,,,,,,,
120,-270.0,,,,-40.0,,17.16,-30.0,0.0,-10.0,,
121,,,,,,,-0.0,,-0.0,,,
122,60.0,,,,160.0,,240.0,-60.0,240.0,240.0,,
123,30.0,-120.0,,-120.0,10.0,,10.0,10.0,-210.0,10.0,10.0,-130.0
124,,,,,,,,,-40.0,80.0,20.0,-0.0
125,0.0,,,-390.0,,,-370.0,,-410.0,-10.0,,
126,-180.0,-60.0,,-90.0,-50.0,,20.0,-180.0,-180.0,0.0,-40.0,-40.0
127,-420.0,-120.0,,-420.0,,,-420.0,-420.0,-420.0,,-420.0,-430.0
128,210.0,210.0,210.0,150.0,230.0,200.0,220.0,220.0,220.0,240.0,200.0,200.0
129,,210.0,180.0,,,90.0,190.0,,210.0,,,
130,-150.0,-90.0,-90.0,210.0,0.0,0.0,0.0,-20.0,0.0,,,
131,450.0,360.0,-30.0,360.0,280.0,-40.0,-120.0,280.0,0.0,420.0,300.0,280.0
132,-60.0,-30.0,,-420.0,,,,-400.0,-380.0,,,
133,-30.0,-30.0,-300.0,-330.0,-290.0,-290.0,,-290.0,-290.0,,,
134,0.0,-90.0,0.0,0.0,0.0,0.0,0.0,0.0,-70.0,-0.0,0.0,0.0
135,-240.0,0.0,-180.0,-60.0,,,10.0,,,,,
136,-0.0,-0.0,-30.0,-30.0,-60.0,-80.0,-100.0,-60.0,-60.0,-60.0,-80.0,-80.0
137,-150.0,0.0,0.0,0.0,-0.0,-10.0,,,,0.0,-170.0,-0.0
138,-90.0,0.0,,0.0,,,40.0,20.0,-70.0,20.0,,
139,-210.0,,,,,,-40.0,0.0,-220.0,0.0,,
140,-30.0,,,,,,-10.0,,-60.0,,,
141,0.0,,,,,,-0.0,,,,,
142,420.0,420.0,420.0,,,,30.0,420.0,10.0,40.0,,
143,-180.0,0.0,,0.0,,,-10.0,-150.0,-50.0,0.0,,
144,0.0,,,,,,-120.0,,-120.0,-60.0,,
145,-90.0,,,,,,0.0,,,,,
146,0.0,-60.0,,-60.0,,,-120.0,-140.0,-0.0,-140.0,,
147,0.0,0.0,0.0,,-20.0,,-11.9,-11.9,-11.9,,,
148,0.0,0.0,0.0,0.0,,10.0,10.0,,30.0,,,
149,0.0,,,,,,10.0,,,,,
150,0.0,0.0,,,-10.0,,-10.0,,10.0,,,
151,0.0,0.0,0.0,0.0,-0.0,0.0,-0.0,-0.0,20.0,0.0,,
152,0.0,,,,,,,,,,,
153,-120.0,-120.0,-120.0,-0.0,10.0,10.0,10.0,10.0,10.0,-100.0,,
154,-150.0,0.0,0.0,0.0,10.0,-30.0,-130.0,-130.0,-180.0,,,
155,0.0,0.0,0.0,-30.0,-70.0,-90.0,-80.0,-70.0,-50.0,,,
156,60.0,60.0,,,,,13.24,,,,,
157,-90.0,30.0,,0.0,-130.0,-10.0,-130.0,,30.0,10.0,-20.0,
158,0.0,-30.0,,-90.0,40.0,40.0,-90.0,,20.0,30.0,,
159,0.0,0.0,,-30.0,50.0,40.0,-250.0,-50.0,-230.0,-150.0,-10.0,
160,-30.0,-30.0,,,-40.0,40.0,40.0,,40.0,40.0,,
161,-150.0,0.0,,-30.0,14.62,-160.0,20.0,-0.0,-0.0,-20.0,-40.0,-60.0
162,0.0,-0.0,,-30.0,,-20.0,,-200.0,,-200.0,-183.81,
163,0.0,0.0,,,,,290.0,,,,,
164,0.0,0.0,,,,,-20.0,,,,,
165,0.0,0.0,0.0,-30.0,0.0,20.0,0.0,20.0,20.0,20.0,20.0,20.0
166,-90.0,11.49,-120.0,-120.0,-100.0,16.2,15.69,16.4,16.4,16.4,16.4,-60.0
167,0.0,0.0,30.0,30.0,0.0,0.0,0.0,0.0,0.0,0.0,0.0,0.0
168,-30.0,0.0,-0.0,-0.0,-0.0,-0.0,-0.0,0.0,20.0,10.0,0.0,-60.0
169,300.0,,300.0,,400.0,500.0,280.0,300.0,240.0,280.0,240.0,
170,90.0,30.0,-120.0,-120.0,-230.0,30.0,-21.79,-190.0,-10.0,20.0,-100.0,-110.0
171,,,,,0.0,,,-50.0,-220.0,,-180.0,
172,,,-120.0,,,,-250.0,,,,,
173,-180.0,-270.0,,,-20.0,,,,,,,-6.49
174,-90.0,-390.0,,,,-330.0,-320.0,-320.0,0.0,-340.0,,
175,0.0,,,,390.0,,,,,340.0,,460.0
176,,-90.0,-30.0,210.0,-10.0,170.0,170.0,,,,230.0,450.0
177,60.0,-150.0,-150.0,210.0,230.0,10.0,50.0,70.0,50.0,50.0,250.0,70.0
178,90.0,60.0,-30.0,-30.0,10.0,140.0,150.0,150.0,10.0,-150.0,10.0,-150.0
179,60.0,0.0,210.0,210.0,130.0,250.0,250.0,30.0,-90.0,-60.0,30.0,30.0
180,-30.0,,,,,,,,-170.0,,,
181,-90.0,30.0,,,,-60.0,0.0,90.0,30.0,-0.0,,
182,0.0,,,,,,,,,,,
183,0.0,0.0,,,,,-37.15,-37.15,,,-37.15,-37.15
184,0.0,30.0,-270.0,-120.0,-110.0,20.0,-280.0,40.0,40.0,30.0,-50.0,-280.0
185,0.0,0.0,90.0,120.0,-40.0,-40.0,0.0,180.0,0.0,180.0,0.0,40.0
186,0.0,-30.0,0.0,-30.0,,-20.0,170.0,-160.0,-0.0,140.0,-20.0,-20.0
187,-390.0,-60.0,-330.0,-30.0,-140.0,-380.0,0.0,130.0,-20.0,-30.0,-340.0,-80.0
188,-0.0,-60.0,,,-10.0,-230.0,10.0,70.0,10.0,-320.0,-110.0,-210.0
189,0.0,-210.0,-300.0,,-100.0,-140.0,-80.0,20.0,60.0,-80.0,-240.0,-320.0
190,250.0,-90.0,,,-20.0,130.0,240.97,240.97,240.97,250.0,200.0,
191,270.0,60.0,,,,-170.0,-190.0,-170.0,270.0,-170.0,-40.0,
192,300.0,-120.0,,,,-40.0,-170.0,70.0,150.0,-170.0,-10.0,
193,0.0,-150.0,-150.0,,,-10.0,200.0,200.0,200.0,-150.0,150.0,
194,210.0,30.0,-280.0,-180.0,-280.0,10.0,50.0,50.0,50.0,50.0,10.0,-280.0
195,0.0,-60.0,-60.0,,-90.0,-60.0,-60.0,-290.0,-20.0,-60.0,-80.0,-80.0
196,0.0,-90.0,-90.0,-90.0,-270.0,-90.0,-50.0,-70.0,-30.0,-90.0,-90.0,-270.0
197,-0.0,-0.0,-0.0,-0.0,-240.0,-240.0,-240.0,-240.0,-240.0,-240.0,-240.0,-240.0
198,-170.0,-60.0,,,-18.78,-0.0,-80.0,-23.19,-19.29,-23.19,-0.0,-23.19
199,-80.0,,,,,-30.0,-30.0,,-30.0,-50.0,,
200,0.0,,,,,,,,,,,
201,-50.0,,,,,,,,,,,
202,-100.0,,,,,,,,,,,
203,0.0,,,,,,,,,,,
204,0.0,,,,,,,,,,,
205,0.0,,,,,,,,,,,
206,0.0,,,,,0.0,0.0,,,,,
207,0.0,,,,-30.0,-30.0,0.0,-30.0,0.0,0.0,,
208,0.0,0.0,0.0,0.0,0.0,0.0,0.0,0.0,0.0,0.0,-120.0,-110.0
209,-220.0,-0.0,-0.0,-160.0,-0.0,-0.0,-0.0,-190.0,-210.0,-0.0,-150.0,-150.0
210,-0.0,-0.0,-280.0,-0.0,-0.0,-270.0,-0.0,-0.0,-0.0,-0.0,-0.0,-0.0
211,0.0,0.0,0.0,,0.0,0.0,0.0,0.0,0.0,0.0,0.0,0.0
212,-100.0,-0.0,-40.0,,,-0.0,-0.0,-350.0,-470.0,-0.0,-0.0,
213,0.0,-190.0,,,-290.0,0.0,-340.0,0.0,0.0,-350.0,-110.0,
214,0.0,-30.0,,,-240.0,-180.0,0.0,0.0,0.0,0.0,-50.0,-100.0
215,0.0,-60.0,,,,-20.0,0.0,-20.0,,0.0,-60.0,
216,0.0,-210.0,-120.0,,-240.0,10.0,20.0,-0.0,-370.0,20.0,-40.0,-40.0
217,0.0,-150.0,-60.0,-240.0,,-360.0,,,,-160.0,-140.0,-40.0
218,-330.0,-210.0,-450.0,-450.0,-200.0,-200.0,-420.0,-50.0,10.0,-60.0,-220.0,-420.0
219,0.0,330.0,-30.0,330.0,190.0,310.0,250.0,430.0,450.0,250.0,310.0,420.0
220,171.16,-90.0,-30.0,,-70.0,-110.0,-260.0,-30.0,-30.0,-30.0,-30.0,-70.0
221,180.0,180.0,-30.0,,,-30.0,210.0,120.0,30.0,100.0,-90.0,-50.0
222,270.0,0.0,210.0,210.0,220.0,40.0,220.0,220.0,320.0,40.0,0.0,220.0
223,-240.0,-420.0,-150.0,-390.0,-420.0,-220.0,-220.0,-220.0,-220.0,-220.0,-220.0,-220.0
224,-30.0,-390.0,60.0,120.0,120.0,-420.0,140.0,-100.0,-460.0,30.0,120.0,-150.0
225,300.0,300.0,,,,350.0,350.0,350.0,-40.0,350.0,190.0,
226,-180.0,-180.0,-180.0,-360.0,-260.0,-170.0,-170.0,-150.0,-130.0,-170.0,-170.0,-270.0
227,441.69,420.0,,,,441.69,441.69,441.69,50.0,230.0,280.0,
228,0.0,-300.0,,,,-320.0,-200.0,-180.0,-140.0,-240.0,-280.0,
229,270.0,270.0,270.0,,,270.0,270.0,35.63,0.0,270.0,270.0,270.0
230,90.0,-180.0,,,,-300.0,-120.0,-20.0,-410.0,-150.0,-250.0,-280.0
231,0.0,,,,,,-50.0,,10.0,10.0,10.0,10.0
232,,,,,,,,,,,-10.0,
233,0.0,,,,,,-20.0,,0.0,0.0,0.0,0.0
234,30.0,30.0,,,,40.0,40.0,,,,,
235,0.0,0.0,0.0,0.0,,,,,,,,
236,0.0,0.0,-0.0,-0.0,,10.0,10.0,-20.0,10.0,10.0,,10.0
237,30.0,,,,,,,,,,,
238,0.0,,,,,,,,20.0,,,
239,-120.0,,,,,,,,-220.0,,,
240,0.0,,,,,,,,,,,
241,0.0,,,,,,,,-40.0,,,
242,450.0,450.0,450.0,450.0,460.0,,460.0,460.0,460.0,460.0,,460.0
243,0.0,,,,,,,,-40.0,,,
244,30.0,30.0,30.0,30.0,20.0,,20.0,20.0,-40.0,-40.0,,-40.0
245,0.0,0.0,0.0,0.0,20.0,,20.0,20.0,40.0,-60.0,,20.0
246,0.0,,,,,,,,,,,
247,0.0,,,,,,,,,,,
248,0.0,,,,,,,,,,,
249,0.0,,,,,,,,,,,
250,10.0,,,,,,,,,,,
251,,,,0.0,,,,,,,,
252,-30.0,,,0.0,,,,,,,,
253,0.0,,,,,,,,,,,
254,,,,,,,,,,,,
255,-120.0,,,,,,,,,,,
256,90.0,,,,,,,,,,,
257,0.0,,,,,,,,,,,
258,-150.0,,,,,,,,,,,
259,0.0,,,,,,,,,,,
260,0.0,,,,,,,,,,,
261,60.0,0.0,38.29,0.0,10.0,20.77,110.0,20.77,,50.0,-50.0,-50.0
262,-90.0,-60.0,-90.0,-90.0,10.0,10.0,10.0,10.0,10.0,10.0,10.0,10.0
263,0.0,0.0,0.0,0.0,-10.0,-10.0,30.0,-10.0,50.0,10.0,10.0,10.0
264,0.0,,,,,0.0,0.0,0.0,0.0,0.0,0.0,0.0
265,0.0,,,,,-0.0,0.0,0.0,0.0,0.0,-0.0,0.0
