TransectID,Longitude,Latitude,LRR_m_yr,EPR_m_yr,NSM_m,NDVI_2019,NDVI_2024,BSI_2024,NDVI_decline,score_lrr,score_ndvi,score_bsi,Risk_Score,Risk_Level
1.0,84.87457,19.239284,0.0,,,0.4944256026434551,0.5053740683901762,-0.3139494879854824,-0.010948465746721092,0.49888527931715393,0.038675401040323014,0.06008653189994858,0.27306256635066356,Low
2.0,84.87477,19.238474,-6.024,,,0.35938530500872806,0.031366057673215,-0.06348984466686623,0.3280192473355131,0.8826039875151284,0.847341187167961,0.6250039673551322,0.820505143378979,Critical
3.0,84.873837,19.237108,-4.719,0.0,0.0,0.5060696331653421,0.27186085515848013,-0.16408830897654436,0.23420877800686202,0.7994776737371807,0.623540176042597,0.3981018376724731,0.6664212572158641,High
4.0,84.873192,19.235475,-4.199,-17.273,-190.0,0.5414372995107499,0.3487384055500529,-0.20445776245199324,0.192698893960697,0.7663545448754697,0.5245112074454742,0.3070476150204565,0.6019401576754684,High
8.0,84.874571,19.23916,7.711,,,0.5431502784762233,0.16593362199061154,-0.14678206808530286,0.37721665648561176,0.007707497292821171,0.9647100692483492,0.4371364585483509,0.3806940611305855,Moderate
9.0,84.892016,19.258184,0.315,-0.909,-10.0,0.41336231185432804,0.4062814558707658,-0.2626367839517537,0.007080855983562229,0.4788203070259252,0.08168744929056627,0.17582350566912858,0.29908108943395817,Low
10.0,84.891928,19.257641,0.351,-0.213,-2.343,0.4522606156903195,0.43926727744797944,-0.2857086319464286,0.012993338242340058,0.47652716733549905,0.09579269273775073,0.12378442652781134,0.291758276794637,Low
13.0,84.903791,19.252177,-0.025,0.048,0.533,0.4938816286512117,0.5166469663468255,-0.3294928087537612,-0.022765337695613785,0.5004777374355055,0.01048422036051984,0.025028217552262595,0.25838977833636123,Low
14.0,84.902665,19.25099,0.0,0.0,0.0,0.4604033361897673,0.44161463744300705,-0.26776029704063303,0.018788698746760257,0.49888527931715393,0.10961852209354861,0.16426730509190113,0.31518165730502173,Low
15.0,84.901539,19.249802,-3.497,-3.03,-33.333,0.4805045573792368,0.2977040776857787,-0.17826255767856414,0.18280047969345808,0.7216383209121601,0.500896837563314,0.3661314965821813,0.5843145110415104,High
16.0,84.900413,19.248615,-0.42,0.0,0.0,0.30875913102535935,0.29046568177205695,-0.13117885294707404,0.018293449253302396,0.525638575705459,0.10843701923796763,0.47232986601292415,0.3898163668267046,Moderate
17.0,84.899287,19.247428,-0.734,0.0,0.0,0.37461236772229484,0.3198564872650663,-0.16749464159393998,0.05475588045722851,0.5456398496719536,0.19542442085664183,0.39041877679675935,0.4095310064523212,Moderate
18.0,84.89816,19.246241,7.832,7.576,83.333,0.3146281229705187,-0.07435672646018053,0.024993568651104168,0.3889848494306992,0.0,0.9927851177911943,0.8245803233284601,0.4627516000030503,Moderate
19.0,84.897034,19.245054,-2.413,0.0,0.0,0.5142652356467997,0.3948336637387295,-0.16652583401496654,0.11943157190807019,0.6525893369004395,0.34971940781829125,0.3926039443778973,0.5097312796712866,Moderate
23.0,84.892626,19.240216,1.049,0.0,0.0,0.3932135069687019,0.3267752806655506,-0.2404890870885955,0.06643822630315127,0.4320657366711255,0.2232946663776841,0.22577814086461911,0.3281768964217918,Low
24.0,84.8915,19.239028,0.0,0.0,0.0,0.46996198789452426,0.4971219868457766,-0.33083787234532086,-0.027159998951252318,0.49888527931715393,0.0,0.021994395956895223,0.253841518849956,Low
27.0,84.888122,19.235467,-7.343,-12.727,-140.0,0.3640699873316575,0.025897060583398565,-0.03933605200193932,0.33817292674825894,0.9666220778393528,0.8715645359634381,0.6794833973662526,0.8806770791819585,Critical
28.0,84.886996,19.23428,0.0,0.0,0.0,0.386895303788123,0.40289212180422096,-0.2672438236660576,-0.01599681801609798,0.49888527931715393,0.026631688323724242,0.16543222256275644,0.29051859066824554,Low
29.0,84.88587,19.233092,0.0,0.0,0.0,0.30235319252024234,0.30013608108164386,-0.22074837008642353,0.0022171114385984847,0.49888527931715393,0.07008415005532928,0.2703037781096061,0.32452864029709694,Low
30.0,84.884745,19.231905,0.0,0.0,0.0,0.3895834456762424,0.37988624270101284,-0.24152522103875218,0.00969720297522958,0.49888527931715393,0.08792919508269743,0.22344111711837852,0.32050962160706187,Low
32.0,84.882493,19.229531,0.0,0.0,0.0,0.5372735454195526,0.5272055131007551,-0.31429632717090195,0.010068032318797493,0.49888527931715393,0.08881387226893668,0.059304228210035045,0.28794764698126496,Low
33.0,84.881463,19.228254,0.0,0.0,0.0,0.35447475228292225,0.3392474450014027,-0.25072987428423665,0.015227307281519553,0.49888527931715393,0.10112221015056291,0.20267981187656584,0.320315265079059,Low
35.0,84.879211,19.22588,0.0,0.0,0.0,0.37984784159509116,0.3651958621330951,-0.2530627370916416,0.01465197946199609,0.49888527931715393,0.09974966667370626,0.19741798663012686,0.3188511369867142,Low
36.0,84.878086,19.224692,0.0,0.0,0.0,0.5294430965001469,0.508926260911558,-0.27726347667631207,0.020516835588588855,0.49888527931715393,0.11374128979028916,0.14283266677123443,0.3121315599499106,Low
37.0,84.87696,19.223505,0.0,,,0.3079759166099737,0.3162460683297466,-0.1798520755879623,-0.008270151719772911,0.49888527931715393,0.04506497985420045,0.3625463026998879,0.3354713941548147,Low
38.0,84.875834,19.222318,0.0,0.0,0.0,0.31627113426062864,0.300783853762995,-0.22194379224449587,0.015487280497633649,0.49888527931715393,0.10174242097615867,0.26760747617897757,0.3334868611872201,Low
40.0,84.871559,19.221997,0.0,0.0,0.0,0.4574572497769558,0.4596714350907676,-0.2880212645323424,-0.0022141853138117895,0.49888527931715393,0.059512529415509365,0.11856823100715196,0.2910100446846602,Low
41.0,84.869466,19.222063,-0.769,-0.606,-6.667,0.5184533608198847,0.4678464631563914,-0.3405892239953788,0.0506068976634933,0.5478692910376457,0.18552630872667633,0.0,0.32959253813682576,Low
42.0,84.870785,19.223072,1.545,0.303,3.333,0.30217893307594623,0.22548643629395715,-0.14574187469967512,0.07669249678198908,0.40047136760303204,0.24775799246421049,0.4394826384438431,0.3624596092295478,Moderate
44.0,84.873036,19.225447,-5.524,0.606,6.667,0.4866443092484844,0.1837602194898671,-0.05893033687563947,0.3028840897586173,0.8507548251480986,0.7873769452154205,0.6352880411253765,0.7886481043637507,Critical
45.0,84.874258,19.226545,0.333,,,0.5032102927506559,0.46974433531830156,-0.29284282009246576,0.03346595743235431,0.47767373718071215,0.1446336473550663,0.10769310252002645,0.30376558330088127,Low
46.0,84.87548,19.227643,-0.076,0.0,0.0,0.31892936154306667,0.2868513316395481,-0.14708896337851216,0.032078029903518546,0.5037263519969425,0.1413225074946104,0.4364442492179539,0.3815487780904452,Moderate
47.0,84.876702,19.228741,0.215,0.005,0.05,0.46411383364923947,0.43217975366935074,-0.218315787821854,0.03193407997988873,0.48519013949933115,0.14097909019065355,0.2757905228650724,0.34004690137987614,Low
48.0,84.877828,19.229928,-0.35,-0.909,-10.0,0.42731555002087956,0.41006958439583974,-0.28075708152407575,0.017245965625039827,0.5211796929740748,0.10593806686282126,0.1349527613903033,0.31936181882394443,Low
52.0,84.88262,19.23441,-1.888,-2.121,-23.333,0.4199708478740958,0.30263990696056314,-0.20182116003973932,0.11733094091353263,0.6191477164150582,0.34470799124673807,0.3129945318702527,0.4755851619556011,Moderate
55.0,84.886287,19.237704,7.343,12.121,133.333,0.5388935362327666,0.16426257963655394,-0.04913553603587057,0.37463095659621265,0.031148480794955084,0.9585414373903534,0.6573804377202146,0.4346127591586265,Moderate
57.0,84.888828,19.239811,6.119,10.606,116.667,0.30000300839237126,0.004744891325725493,-0.00926293563884966,0.2952581170666458,0.10911523026944392,0.7691838755986544,0.7473139969266377,0.4347755771996459,Moderate
59.0,84.89108,19.242185,-2.657,-2.727,-30.0,0.3617446752479791,0.24535713055138222,-0.21148159609057227,0.11638754469659687,0.6681317281355501,0.3424573572956127,0.29120519812009277,0.49504411088047745,Moderate
60.0,84.892494,19.243105,3.531,-0.303,-3.333,0.4780581694778959,0.31923395155856327,-0.20741513988579396,0.15882421791933266,0.2739664946811899,0.4436973408924573,0.30037718279656955,0.33016788616764603,Low
63.0,84.896258,19.246309,4.126,6.667,73.333,0.38114551244667827,0.17829874669045265,-0.11377480430572472,0.20284676575622562,0.23606599146442445,0.5487207011710987,0.5115850944989799,0.3849662249833378,Moderate
64.0,84.89748,19.247407,-1.224,-1.212,-13.333,0.3692490890959524,0.30378651124215317,-0.18396506194181933,0.06546257785379922,0.5768520287916428,0.22096708917835337,0.3532693682113751,0.4253700147916024,Moderate
65.0,84.898702,19.248505,-2.832,-3.03,-33.333,0.4738613631383687,0.33281419448857247,-0.21634076179239536,0.14104716864979622,0.6792789349640105,0.40128713199125776,0.28024523910093185,0.5160746548995689,Moderate
66.0,84.900117,19.249425,2.273,0.606,6.667,0.5296379370364872,0.3945268816102277,-0.22843898413568312,0.1351110554262595,0.3540989871966367,0.3871255128128276,0.2529574227917695,0.3437786320005205,Low
67.0,84.901243,19.250612,-5.21,-3.636,-40.0,0.3611189255494976,0.12556692992387303,-0.08927753840281887,0.23555199562562457,0.8307535511816039,0.6267446527219249,0.5668392362288251,0.7167680186531444,High
68.0,84.902658,19.251531,2.098,1.818,20.0,0.4145214543191909,0.30375262502617806,-0.1430628869147661,0.11076882929301285,0.3652461940250971,0.32905294521296563,0.44552515646795976,0.3704440118700302,Moderate
69.0,84.903881,19.252629,0.455,0.303,3.333,0.3632481707053766,0.3352760856679068,-0.1876868005691291,0.02797208503746984,0.46990254156315686,0.13152706974418815,0.3448749018897102,0.3433843720827769,Low
70.0,84.904165,19.252723,-0.774,0.0,0.0,0.39483332287076656,0.33157664560581623,-0.1779808039530698,0.06325667726495032,0.548187782661316,0.21570453388191974,0.36676699853342265,0.4121586512019184,Moderate
75.0,84.907532,19.272182,-0.154,10.909,120.0,0.4511347071579278,0.46462382048192735,-0.2733619685816258,-0.013489113323999546,0.5086948213261991,0.032614249222436664,0.15163260722493058,0.29445820687481666,Low
76.0,84.907547,19.271008,-0.734,-5.455,-60.0,0.49309468992013955,0.4689336334989333,-0.30056475070495486,0.02416105642120625,0.5456398496719536,0.12243520543681072,0.09027611197987431,0.32760570886299484,Low
79.0,84.907908,19.26505,-0.06,2.424,26.667,0.3169793741986036,0.317250976124996,-0.1613592574448842,-0.0002716019263923619,0.5027071788011975,0.06414689623417129,0.4042572756187345,0.35144911339459706,Moderate
81.0,84.909656,19.26218,2.493,1.212,13.333,0.4715212697968284,0.34094897354115733,-0.20958437284284526,0.13057229625567107,0.34008535575514365,0.3762975220896005,0.2954844284080177,0.3420288201860555,Low
83.0,84.91307,19.262941,3.923,-0.303,-3.333,0.43706502434895633,0.236289545455015,-0.09540247052868864,0.20077547889394134,0.24899675138543856,0.5437792900745834,0.5530243121834301,0.3982370251517803,Moderate
84.0,84.914197,19.264129,-6.742,-3.939,-43.333,0.3344965131895643,0.028885813522937315,0.0166978107918581,0.305610699666627,0.9283393846741831,0.7938817421610491,0.8058690523512003,0.8635080254556463,Critical
88.0,84.912329,19.261397,4.021,3.636,40.0,0.3246883048012296,0.10618763095580458,-0.06938604479697258,0.21850067384542504,0.24275431556150073,0.5860657915804947,0.6117049535407871,0.4195378859630562,Moderate
89.0,84.910529,19.260835,1.503,0.606,6.667,0.3613897763311639,0.25109907198987697,-0.15095235780093771,0.11029070434128696,0.40314669724186253,0.3279122958973158,0.42773027502095284,0.3854930923943166,Moderate
90.0,84.908434,19.261082,1.469,0.303,3.333,0.33794666564611814,0.2579358136233745,-0.2001970769507399,0.08001085202274366,0.40531244028282054,0.25567449968849754,0.3166576883031498,0.34269010770858943,Low
93.0,84.904965,19.264565,-0.421,-7.727,-85.0,0.5314986198725545,0.4975570632103748,-0.3243385274591946,0.03394155666217974,0.525702274030193,0.14576827112666774,0.03665381651886765,0.31391238165687035,Low
96.0,84.905881,19.267376,1.224,2.424,26.667,0.47002625390116054,0.38895728800163504,-0.2662982708656486,0.0810689658995255,0.42091852984266515,0.2581988123500187,0.16756493846068252,0.3214318963184747,Low
97.0,84.905288,19.269085,-7.867,-3.636,-40.0,0.35941473046992084,-0.03204914903614687,0.10276696860789553,0.3914638795060677,1.0,0.9986992704593145,1.0,0.9996097811377944,Critical
98.0,84.904421,19.269978,0.175,3.333,36.667,0.44222131313914015,0.4355569665851435,-0.2624579889140738,0.0066643465539966695,0.48773807248869355,0.08069379440164919,0.17622678195276428,0.3033225309553944,Low
100.0,84.903855,19.26961,3.287,2.424,26.667,0.4391580128586007,0.2515954101403146,-0.17414461543702328,0.18756260271828606,0.2895088859163004,0.5122577011821295,0.3754196091883487,0.3735156751504588,Moderate
101.0,84.903833,19.271326,3.986,3.03,33.333,0.31818430272108694,0.13955127719045934,-0.07241341081980454,0.1786330255306276,0.2449837569271928,0.4909546588050716,0.6048766604587485,0.3907536081968676,Moderate
106.0,84.907001,19.272718,-1.452,3.636,40.0,0.5099271276040177,0.43639859072981096,-0.2810474017518085,0.07352853687420674,0.5913752468310083,0.2402098218646041,0.13429793749796506,0.39461015747447836,Moderate
107.0,84.907515,19.273536,-6.538,-2.727,-30.0,0.40132987317453284,0.05884360203553704,-0.056039292415001475,0.34248627113899577,0.915344926428435,0.8818547609552451,0.6418088578160435,0.8505906630639998,Critical
123.0,84.940853,19.300201,-2.172,0.758,8.333,0.33621774726158127,0.2071197439226222,-0.1472137968836533,0.12909800333895907,0.6372380406395312,0.37278034274046856,0.43616268440116823,0.5176856600221398,Moderate
126.0,84.940272,19.301007,5.974,8.485,93.333,0.34773001466664843,0.04061015122052651,0.014323594699092671,0.3071198634461219,0.11835148735588252,0.7974821119515623,0.8005139538268633,0.45852316802878257,Moderate
128.0,84.940073,19.29414,1.224,0.303,3.333,0.42266003426629023,0.37457483041682904,-0.20970367897347142,0.04808520384946119,0.42091852984266515,0.17951037437129197,0.295215330710463,0.32335544337481276,Low
129.0,84.939685,19.294768,-0.964,,,0.47800609356243834,0.4371330163115272,-0.2519298044317221,0.04087307725091116,0.5602904643607873,0.1623046057969452,0.19997334207304343,0.3688312823340859,Moderate
131.0,84.939566,19.296663,-3.986,6.667,73.333,0.546234614425252,0.3293344645938636,-0.13860573656256173,0.2169001498313884,0.7527868017071151,0.5822474662354105,0.4555783607009561,0.6421833128643719,High
134.0,84.942352,19.294437,1.608,2.727,30.0,0.5186966254337612,0.44663576546550265,-0.26089788479473863,0.0720608599682585,0.3964583731447863,0.23670842614718343,0.17974563236099841,0.30519084088874787,Low
136.0,84.941213,19.294243,-6.923,-5.758,-63.333,0.4247604209752235,0.06606643259579757,-0.04052357370199145,0.3586939883794259,0.9398687814510478,0.9205210583568126,0.6768049150988024,0.8814516912523281,Critical
137.0,84.942148,19.295609,-0.758,-0.606,-6.667,0.3266949984984272,0.3017094006263187,-0.15977858535632805,0.024985597872108523,0.547168609465571,0.12440229089909764,0.40782251755045273,0.39246949551260535,Moderate
138.0,84.945097,19.303229,5.191,5.909,65.0,0.5283032017474107,0.29402619139739156,-0.17018243426858387,0.2342770103500192,0.16822727562265113,0.6237029560339915,0.3843563991431128,0.3480958044501456,Low
143.0,84.945391,19.30251,5.134,8.182,90.0,0.39122899022157126,0.16594697022559976,-0.08816239137406798,0.2252820199959715,0.17185808013249249,0.6022438592966518,0.5693544757751662,0.380473093010275,Moderate
147.0,84.946007,19.298904,-1.847,,,0.3566469692248571,0.23906599540073828,-0.1569929766661287,0.11758097382411883,0.6165360851009619,0.3453044877636436,0.4141055214571828,0.4946804931710106,Moderate
148.0,84.946565,19.299904,3.448,,,0.5181079655863572,0.3442061820722132,-0.22727069385482232,0.17390178351414398,0.27925345563411685,0.47966746714357067,0.25559252815479805,0.33464547359108926,Low
150.0,84.950314,19.319728,0.402,,,0.3340895879398095,0.3309917285060303,-0.18437663745769328,0.00309785943377916,0.47327855277406206,0.07218532589720167,0.3523410502522703,0.3287630842066456,Low
151.0,84.952479,19.306293,0.848,0.0,0.0,0.3590950400382051,0.29839440611110923,-0.19786590452751626,0.06070063392709585,0.4448690999426715,0.20960665282892119,0.3219157008495306,0.3496996859899182,Low
157.0,84.9647,19.333529,4.071,2.273,25.0,0.4488498113380948,0.2279528522570903,-0.1542599882601991,0.2208969590810045,0.23956939932479776,0.5917825422001792,0.4202698391131113,0.3813734301450749,Moderate
158.0,84.964901,19.332718,4.429,4.091,45.0,0.4409806522696788,0.23499398619120945,-0.1414277672640068,0.20598666607846935,0.21676539907000444,0.5562114734908613,0.4492132061175164,0.3650887828057639,Moderate
161.0,84.963568,19.332793,4.038,3.182,35.0,0.5397336829958244,0.3223355909457803,-0.21242935629708856,0.21739809205004407,0.2416714440410217,0.5834353930501324,0.2890675033673675,0.3536798406090241,Moderate
165.0,84.97,19.343614,2.902,1.818,20.0,0.4133098333059,0.28843447822362445,-0.15568488400036143,0.12487535508227554,0.3140327409389133,0.36270648897728414,0.4170559542865665,0.3492395080199552,Low
167.0,84.970374,19.34416,-1.259,-0.909,-10.0,0.33223951864463513,0.28812243837055573,-0.13975975279070438,0.0441170802740794,0.5790814701573348,0.17004373301669415,0.4529754507892515,0.4311489451415259,Moderate
168.0,84.971416,19.344533,-0.559,-0.606,-6.667,0.4901419191918475,0.44679309665904643,-0.2767098593198503,0.04334882253280109,0.5344926428434932,0.1682109220251979,0.14408136334003852,0.34652587069731366,Low
170.0,84.972739,19.329824,-6.195,-5.758,-63.333,0.3504085187785288,0.01805216030364563,-0.07412208253286742,0.33235635847488315,0.8934964010446526,0.8576881118268025,0.6010227124558346,0.824259176561534,Critical
174.0,84.974394,19.33454,-0.766,-9.091,-100.0,0.3439324658032954,0.3241422466164717,-0.1869994824774109,0.01979021918682372,0.5476781960634435,0.11200782137701853,0.3464251635149791,0.37672647714782315,Moderate
183.0,84.973681,19.346004,-3.853,-3.377,-37.15,0.4092795031627028,0.24209451042024013,-0.21603277932847798,0.16718499274246265,0.7443149245174853,0.4636434073880068,0.28093990056964624,0.5674384645890739,High
184.0,84.973871,19.33065,-2.622,-1.818,-20.0,0.38506520071195316,0.25315339919677865,-0.09888820360071254,0.1319118015151745,0.665902286769858,0.3794931422973448,0.5451621617721398,0.5558315184285604,High
185.0,84.974993,19.332288,4.091,3.939,43.333,0.5418132771401424,0.35547489152725664,-0.17445881523633175,0.18633838561288574,0.23829543283011656,0.5093371206969631,0.3747109243779177,0.3468910374997308,Low
186.0,84.976216,19.333386,2.497,3.939,43.333,0.3357565192718929,0.1773566021822271,-0.09795734326744357,0.15839991708966578,0.3398305624562074,0.442685098278383,0.5472617384754745,0.41217315840671354,Moderate
189.0,84.979309,19.337214,-3.298,-3.939,-43.333,0.5111396332015296,0.3352702269826124,-0.1942730845172248,0.17586940621891717,0.7089623542900821,0.4843615695608472,0.33001938829143895,0.565793525671583,High
194.0,84.983177,19.339967,-3.776,-5.455,-60.0,0.46735153499516574,0.2589610856400159,-0.19457143301464783,0.20839044935514983,0.7394101535129627,0.5619461119773467,0.3293464564537867,0.6041582016404426,High
195.0,84.9844,19.341064,-5.027,-3.03,-33.333,0.3273262270198864,0.07628651541358132,-0.07936818704966334,0.25103971160630506,0.819096757755271,0.6636932632693847,0.589190004118116,0.7264943586820741,High
196.0,84.985432,19.34234,-7.098,-8.182,-90.0,0.3220633850073185,0.0059429431289749896,-0.044260675167148406,0.31612044187834354,0.9510159882795083,0.8189545400106034,0.6683757975461329,0.8548695156521617,Critical
199.0,84.98959,19.344644,4.309,2.727,30.0,0.5416155103193476,0.32881315282746115,-0.21625282732711007,0.21280235749188647,0.2244091980380916,0.5724714777393993,0.2804435772921027,0.3400347577992861,Low
207.0,84.989223,19.343556,0.399,0.0,0.0,0.34857437130325164,0.33161475259174716,-0.17398985703719053,0.016959618711504476,0.4734696477482642,0.10525493704543033,0.3757686702873356,0.34346503904522835,Low
209.0,84.986968,19.341183,-4.895,-2.424,-26.667,0.3204750150045863,0.09373598527481988,-0.09055049192959852,0.22673902972976642,0.8106885788903753,0.6057198066400173,0.5639680605285261,0.6998538435428981,High
210.0,84.985841,19.339996,7.797,8.485,93.333,0.3673461738199659,-0.015518741402301115,0.0421105040601497,0.38286491522226707,0.002229441365692091,0.9781849620338505,0.8631879613734804,0.4672078015676973,Moderate
211.0,84.984714,19.338809,0.0,0.0,0.0,0.4625326295032834,0.45601178067309345,-0.2511711726670959,0.00652084883018994,0.49888527931715393,0.08035145589815418,0.20168445331335724,0.31388496709069463,Low
213.0,84.982459,19.336436,-5.613,-12.273,-135.0,0.43669431133616515,0.14888972553954297,-0.02896041021630525,0.28780458579662216,0.8564239760494299,0.7514021946559674,0.7028858939564343,0.794209825212792,Critical
214.0,84.981802,19.335706,1.406,-3.182,-35.0,0.4741812109633128,0.3845948436353585,-0.24231946844059882,0.08958636732795427,0.4093254347410663,0.2785185385541898,0.22164967399635283,0.33254821373606064,Low
215.0,84.980675,19.334519,-0.367,0.0,0.0,0.5407745194257322,0.4993864634571165,-0.30855181254193464,0.04138805596861567,0.5222625644945538,0.1635331761106331,0.07226111191845237,0.3246434574641573,Low
216.0,84.979451,19.333422,5.107,8.182,90.0,0.36943038243285514,0.10969290751239452,-0.05544127605480214,0.2597374749204606,0.1735779349003121,0.6844432737763954,0.6431576973499811,0.42075348905307086,Moderate
217.0,84.97842,19.332146,-1.347,-3.939,-43.333,0.3584066154619917,0.27734186397971794,-0.1774568009096621,0.08106475148227377,0.5846869227339321,0.2581887581327336,0.36794889934398967,0.44338986867558405,Moderate
220.0,84.9753,19.330485,-7.452,-5.49,-60.387,0.5114180136197862,0.13657292035313243,-0.03549323280457725,0.37484509326665383,0.9735651952353652,0.959052297251803,0.6881509636740514,0.9121284795280338,Critical
222.0,84.974524,19.331741,-3.531,-6.667,-73.333,0.3560531176561953,0.16570224298962027,-0.07130561778604168,0.19035087466657502,0.723804063953118,0.5189096035314654,0.6073753129017384,0.6390499756163464,High
224.0,84.975547,19.333649,0.21,10.909,120.0,0.47222657488967235,0.4649730182710888,-0.3367012996677719,0.007253556618583568,0.48550863112300147,0.0820994563620197,0.00876930195736745,0.2691380128615802,Low
226.0,84.981473,19.339225,2.273,-2.121,-23.333,0.3383736592445932,0.24401564004703483,-0.20721007542012324,0.09435801919755835,0.3540989871966367,0.28990213487129585,0.3008397103739259,0.3241880761344923,Low
229.0,84.98177,19.338325,-6.206,0.0,0.0,0.35089953403889507,0.03910845758135047,-0.014741440718112878,0.3117910764575446,0.8941970826167273,0.8086260940957714,0.7349571038220328,0.8366777903015017,Critical
231.0,84.986396,19.356804,1.933,0.909,10.0,0.31689972340089423,0.24667172893610942,-0.11535255499785066,0.07022799446478481,0.375756417606217,0.23233581021348473,0.5080264418435118,0.35918424023585627,Moderate
233.0,84.986777,19.356808,0.336,0.0,0.0,0.4873714238587437,0.4836896422743594,-0.28444898207702496,0.003681781584384314,0.47748264220650993,0.0735783726291832,0.1266255955256036,0.2861399519971306,Low
236.0,84.98838,19.365768,0.786,0.909,10.0,0.3450198488545039,0.2962429784437332,-0.20398319184885585,0.04877687041077067,0.4488183960761832,0.18116046392835794,0.3081180198350387,0.34038094118360673,Low
242.0,84.993157,19.372054,1.191,0.909,10.0,0.33106517756248094,0.2965854575203365,-0.1951794035364718,0.034479720042144446,0.4230205745588891,0.1470521524402213,0.3279751650813709,0.3212209660277851,Low
244.0,84.992823,19.368256,-7.494,-6.364,-70.0,0.3562018184771991,-0.03580728666510573,0.03414984510148271,0.39200910514230486,0.9762405248741959,1.0,0.8452325136060228,0.9571667651583026,Critical
245.0,84.993395,19.368172,0.281,-1.818,-20.0,0.36986488841215603,0.32346872131607807,-0.2360101681865955,0.04639616709607797,0.4809860500668833,0.1754808866612287,0.23588044455795637,0.3403133799434015,Low
261.0,85.028866,19.386536,-4.997,-4.494,-49.43,0.3084554327609473,0.0598021596428618,-0.003950356820066121,0.2486532731180855,0.8171858080132492,0.6580000037592876,0.7592966395679628,0.7578522330480034,Critical
263.0,85.028203,19.386258,1.958,0.909,10.0,0.363599796260344,0.2686708045934352,-0.12061046128288203,0.09492899166690882,0.37416395948786546,0.2912642879111417,0.49616711434848276,0.3736946889869718,Moderate
264.0,85.032631,19.390009,0.0,0.0,0.0,0.46721367660531915,0.48529738620751195,-0.2778671104464196,-0.0180837096021928,0.49888527931715393,0.021653049474356586,0.14147115704118388,0.2842327859091207,Low
265.0,85.032147,19.390727,0.0,0.0,0.0,0.4899797701551854,0.49027398421096025,-0.2706506203268331,-0.00029421405577484405,0.49888527931715393,0.06409295110996806,0.1577481150266201,0.30022014799689145,Low
